name,beers_count,brewery_id,latitude,longitude
(512) Brewing Company,8.0,1,30.2234001159668,-97.76969909667969
21st Amendment Brewery Cafe,11.0,2,37.78250122070313,-122.39299774169922
3 Fonteinen Brouwerij Ambachtelijke Geuzestekerij,2.0,3,50.76679992675781,4.30810022354126
Aass Brewery,5.0,4,59.74509811401367,10.213500022888184
Abbaye de Leffe,2.0,5,50.26060104370117,4.912199974060059
Abbaye de Maredsous,3.0,6,50.30929946899414,4.764599800109863
Abbaye Notre Dame du St Remy,3.0,7,50.19990158081055,5.227700233459473
Abbey Wright Brewing/Valley Inn,,8,41.22249984741211,-77.03690338134766
Aberdeen Brewing,1.0,9,41.43920135498047,-87.10780334472656
Abita Brewing Company,20.0,10,30.50489997863769,-89.94400024414062
Adnams & Co.,6.0,11,52.32770156860352,1.6801999807357788
Affligem Brouwerij,1.0,12,50.96989822387695,4.189199924468993
Agassiz Brewing,1.0,13,49.76520156860352,-97.15390014648438
Aksarben Brewing (BOP),6.0,14,41.26029968261719,-96.09030151367188
Aktienbrauerei Kaufbeuren,2.0,15,47.87810134887695,10.616100311279297
Alameda Brewhouse,1.0,16,45.54840087890625,-122.61900329589844
Alaskan Brewing,11.0,17,58.3572998046875,-134.49000549316406
Alaus Darykla Kalnapilis,1.0,18,,
Aldaris,3.0,19,,
Ale Asylum,,20,43.12570190429688,-89.32530212402344
AleSmith Brewing,10.0,21,32.891998291015625,-117.1439971923828
Ali`i Brewing,6.0,22,21.306900024414066,-157.85800170898438
Allagash Brewing,7.0,23,43.70280075073242,-70.31659698486328
Allentown Brew Works,8.0,25,40.601600646972656,-75.4739990234375
Allguer Brauhaus AG Kempten,3.0,26,47.74869918823242,10.5693998336792
Allguer Brauhaus AG Kempten,3.0,26,47.72370147705078,10.31410026550293
"Allguer Brauhaus AG Kempten, Brausttte Leuterschach",1.0,27,,
Alltech's Lexington Brewing Company,5.0,28,38.05009841918945,-84.50879669189453
Alpine Beer Company,3.0,29,32.835498809814446,-116.76499938964844
Alpirsbacher Klosterbru,2.0,30,48.34569931030274,8.40310001373291
Alvinne Picobrouwerij,1.0,31,50.91899871826172,3.263200044631958
America's Brewing,7.0,32,41.760501861572266,-88.30899810791016
American River Brewing,1.0,33,38.89659881591797,-121.0770034790039
Amerisports Brew Pub,1.0,34,39.15510177612305,-94.48200225830078
Amherst Brewing Company,18.0,35,42.37630081176758,-72.5198974609375
"Amicas Pizza, Microbrews and More",1.0,36,38.53499984741211,-105.99199676513672
Amstel Brouwerij,1.0,37,52.37379837036133,4.890900135040283
Anacortes Brewing,,38,48.5192985534668,-122.61299896240234
Anchor Brewing,19.0,39,37.76350021362305,-122.4010009765625
Andechser Klosterbrauerei,3.0,40,47.977500915527344,11.1850004196167
Anderson Valley Brewing,10.0,41,39.00139999389648,-123.3560028076172
Andrew's Brewing,,42,44.351600646972656,-69.14009857177734
Angelic Brewing,3.0,43,43.07849884033203,-89.38200378417969
Anheuser-Busch,38.0,44,38.59830093383789,-90.20899963378906
Appalachian Brewing Company,27.0,45,40.26589965820313,-76.87529754638672
Appleton Brewing,16.0,46,44.26190185546875,-88.41539764404297
Arcadia Brewing,13.0,47,42.321998596191406,-85.18509674072266
Arcobrau Grafliches Brauhaus,1.0,48,,
Arthur Guinness & Son,6.0,49,53.343299865722656,-6.284599781036378
Asahi Breweries,3.0,50,,
Asheville Pizza and Brewing Co.,2.0,51,35.622100830078125,-82.55359649658203
ateck Pivovar,,52,,
Athenian Brewery,1.0,53,,
Atlanta Brewing Company,1.0,54,33.81800079345703,-84.435302734375
Atlantic Brewing Company,2.0,55,44.399600982666016,-68.33399963378906
Atwater Block Brewing,13.0,56,42.33720016479492,-83.01860046386719
August Schell Brewing,4.0,57,44.28960037231445,-94.4489974975586
Augusta Brewing,1.0,59,38.5702018737793,-90.88020324707031
Augustiner-BrÃ¤u MÃ¼nchen,5.0,60,,
Australian Brewing Corporation,1.0,61,-37.96799850463867,144.52499389648438
Avery Brewing Company,13.0,62,40.0166015625,-105.21900177001952
Back Road Brewery,7.0,63,41.61240005493164,-86.72679901123047
Backcountry Brewery,2.0,64,39.57649993896485,-106.09400177001952
Backwater Brewing,2.0,65,44.04859924316406,-91.67739868164062
Bad Frog Brewery Company,1.0,66,44.4213981628418,-84.11669921875
Ball- und Brauhaus Watzke,,67,,
Ballast Point Brewing,9.0,68,32.766799926757805,-117.19499969482422
Baltimore-Washington Beer Works,,69,39.41999816894531,-76.54000091552734
Bamberger Mahr's-Bru,7.0,70,49.890098571777344,10.906700134277344
Bandana Brewery,7.0,71,44.16360092163086,-93.99939727783205
Bar Harbor Brewing Company,1.0,72,44.38750076293945,-68.20459747314453
Bard's Tale Beer Company,,73,38.916900634765625,-94.39430236816406
Barfer - das kleine Brauhaus,3.0,74,48.39789962768555,9.98989963531494
Barley Brothers Brewery and Grill,5.0,75,34.470199584960945,-114.3499984741211
Barley Creek Brewing,9.0,76,41.05229949951172,-75.33540344238281
Barley Island Brewing,6.0,77,40.0452995300293,-86.0155029296875
Barley John's Brewpub,7.0,78,45.0359992980957,-93.19840240478516
Barley's #2 Smokehouse and Brewpub,1.0,79,39.9744987487793,-83.04900360107422
Barley's Brewing #1,3.0,80,39.971900939941406,-83.00270080566406
Barley's Casino & Brewing Company,1.0,81,36.07210159301758,-115.0749969482422
Baron Brewing Company,4.0,82,47.520301818847656,-122.31199645996094
Barrel House Brewing Co.,3.0,83,39.11360168457031,-84.5260009765625
Basil T's Brew Pub and Italian Grill,2.0,84,39.97669982910156,-74.18289947509766
Bass Brewers,2.0,85,52.80459976196289,-1.628100037574768
Bavaria,1.0,86,10.963899612426758,-74.79640197753906
Bavarian Barbarian Brewing Company,5.0,87,41.23799896240234,-77.01029968261719
Bayerische Staatsbrauerei Weihenstephan,6.0,88,48.39519882202149,11.728799819946287
Bayern Brewing,2.0,89,46.87260055541992,-114.0199966430664
"BBC Brewing Co., LLC",6.0,90,38.25460052490234,-85.74009704589844
Beach Brewing,4.0,91,28.538299560546875,-81.37920379638672
Beach Chalet Brewery,5.0,92,37.76940155029297,-122.51000213623048
Beamish & Crawford,1.0,93,51.89699935913086,-8.476900100708008
Bear Republic Brewery,9.0,94,38.61119842529297,-122.87100219726562
Beck's,1.0,95,,
Beermann's Beerwerks BrewPub,1.0,96,38.8916015625,-121.29299926757812
Belfast Bay Brewing Company,2.0,97,44.429500579833984,-68.97499847412111
Belhaven Brewery,4.0,98,55.99700164794922,-2.50979995727539
Belize Brewing,1.0,99,17.497699737548828,-88.18669891357422
Bell's Brewery Inc.,25.0,100,42.2843017578125,-85.45379638671875
Bellows Brew Crew,7.0,101,43.19469833374024,-88.72899627685547
Bent River Brewing,1.0,102,41.50590133666992,-90.51709747314452
Berliner Kindl Brauerei AG,1.0,103,52.47930145263672,13.429300308227539
Berliner-Kindl-Schultheiss-Brauerei,1.0,104,52.523399353027344,13.411399841308596
Bersaglier,,105,,
Bethlehem Brew Works,3.0,106,40.62200164794922,-75.38200378417969
Bibiana Brewing,1.0,107,40.110599517822266,-88.2072982788086
Biddy Early Brewery,1.0,108,32.329299926757805,-96.62529754638672
Bierbrouwerij Bavaria,3.0,109,51.51630020141602,5.597700119018555
Bierbrouwerij De Koningshoeven,8.0,110,51.54399871826172,5.128499984741211
Bierbrouwerij De Koningshoeven,8.0,110,51.54399871826172,5.128499984741211
Bierbrouwerij St.Christoffel,2.0,111,51.16839981079102,6.051499843597412
Big Bang Brewery (Closed),1.0,112,37.77560043334961,-122.39800262451172
Big Boss Brewing Company,3.0,113,35.81039810180664,-78.6178970336914
Big Buck Brewery,3.0,114,45.02230072021485,-84.68260192871094
Big Buck Brewery and Steakhouse #2,1.0,115,42.9634017944336,-85.66809844970703
Big Dog's Brewing Company,1.0,116,36.24259948730469,-115.23600006103516
Big Hole Brewing,1.0,117,45.77360153198242,-111.1719970703125
Big Horn Brewing @ The RAM 2,1.0,118,42.151100158691406,-87.91439819335938
Big Ridge Brewing,7.0,119,49.10490036010742,-122.69000244140624
Big River Brewing,7.0,120,49.1343994140625,-123.06500244140624
Big Rock Brewery,5.0,121,50.98469924926758,-113.95600128173828
Big Sky Brewing,7.0,122,46.92229843139648,-114.072998046875
Big Time Brewing,11.0,123,47.65760040283203,-122.31300354003906
Bill's Tavern & Brewhouse,1.0,124,45.89810180664063,-123.96099853515624
Binding Brauerei AG,1.0,125,50.09429931640625,8.691300392150879
Birra Forst,1.0,126,,
Birra Moretti,2.0,127,46.05970001220703,13.226900100708008
Birrificia Le Baladin,4.0,128,44.51530075073242,7.892199993133545
Birrificio Torrechiara,1.0,129,44.660099029541016,10.281399726867676
Bison Brewing,5.0,130,37.86339950561523,-122.25900268554688
Bitburger Brauerei,1.0,131,49.9739990234375,6.52269983291626
"BJ's Pizza, Grill, and Brewery - Jantzen Beach",1.0,132,45.52349853515625,-122.6760025024414
BJ's Restaurant and Brewery,9.0,133,33.91320037841797,-117.88899993896484
Black Sheep Brewery,2.0,134,,
Black Toad Brewing Company,1.0,135,41.88169860839844,-87.69259643554688
Blacksburg Brewing Company,1.0,136,37.22999954223633,-80.41000366210938
Blackstone Restaurant & Brewery,2.0,137,36.152000427246094,-86.79889678955078
Blicks Brewing,1.0,138,38.833900451660156,-104.8209991455078
Blitz-Weinhard Brewing,1.0,139,45.53250122070313,-122.68599700927734
Bloomington Brewing Company,,140,39.17160034179688,-86.5103988647461
BluCreek Brewing Company,1.0,141,43.05979919433594,-89.30850219726562
Blue Cat Brew Pub,6.0,142,41.51179885864258,-90.57460021972656
Blue Corn Caf and Brewery - Albuquerque,1.0,143,35.08449935913086,-106.6510009765625
Blue Point Brewing,7.0,144,40.75910186767578,-73.02149963378906
Blue Ridge Brewing,1.0,145,34.853099822998054,-82.39830017089844
"Bluegrass Brewing Company, Inc.",1.0,146,38.25299835205078,-85.65399932861328
Bobcat Cafe & Brewery,,147,44.133201599121094,-73.07839965820312
Boddington's Brewery,1.0,148,53.4807014465332,-2.2344000339508057
Boiler Room Brewpub,1.0,149,35.158401489257805,-114.572998046875
Bonaventure Brewing Co,1.0,150,34.05319976806641,-118.25599670410156
Bonfire Brewery,1.0,151,42.43109893798828,-83.4832992553711
Boon Rawd Brewery,1.0,152,13.778300285339355,100.50900268554688
Bootleggers Steakhouse and Brewery,6.0,153,35.37329864501953,-119.0189971923828
Borsodi SÃ¶rgyÃ¡r,1.0,154,,
Boscos Memphis Brewing,1.0,155,35.08679962158203,-89.81009674072266
BOSS Browar Witnica S.A.,2.0,156,52.67390060424805,14.900400161743164
Boston Beer Company,36.0,157,42.31439971923828,-71.10340118408203
Boston Beer Works,6.0,158,42.34700012207031,-71.0988998413086
Bottom's Up Brewing,1.0,159,42.866600036621094,-109.86599731445312
Boulder Beer Company,12.0,160,40.02669906616211,-105.2480010986328
Boulevard Brewing Company,13.0,161,39.08209991455078,-94.59649658203124
Boundary Bay Brewery and Bistro,1.0,162,48.74750137329102,-122.4810028076172
Brasal-Brasserie Allemande,1.0,163,45.42890167236328,-73.63130187988281
Brasserie Artisanale de Rulles,2.0,164,49.71849822998047,5.55709981918335
Brasserie Bnifontaine,3.0,165,50.48519897460938,2.8306000232696533
Brasserie Clarysse,1.0,166,50.84310150146485,3.607700109481812
Brasserie D'Achouffe,5.0,167,50.15069961547852,5.744200229644775
Brasserie d'Ecaussinnes,3.0,168,50.55929946899414,4.136499881744385
Brasserie d'Orval,2.0,169,,
Brasserie de Blaugies,3.0,170,50.369300842285156,3.82699990272522
Brasserie de Brunehaut,9.0,171,50.51089859008789,3.3882999420166016
Brasserie de Cazeau,1.0,172,,
Brasserie de l'Abbaye de Scourmont (Trappistes),2.0,173,49.98419952392578,4.3111000061035165
Brasserie De L'Abbaye Des Rocs,10.0,174,50.37049865722656,3.7263000011444087
Brasserie de l'Abbaye Val-Dieu,5.0,175,50.7046012878418,5.822000026702881
Brasserie de la Senne,4.0,176,50.7853012084961,4.243700027465819
Brasserie De Saint Sylvestre,2.0,177,50.79750061035156,2.541199922561645
Brasserie De Silenrieux,2.0,178,50.22480010986328,4.410200119018555
Brasserie de Silly,6.0,179,50.64929962158203,3.9242000579833984
Brasserie de Tahiti,1.0,180,-17.67970085144043,-149.40699768066406
Brasserie de Vervifontaine,1.0,181,,
Brasserie des Cimes,1.0,182,45.70750045776367,5.915299892425537
Brasserie des Franches-Montagnes,1.0,183,47.25429916381836,7.0026001930236825
Brasserie des Gants,2.0,184,50.620399475097656,3.759200096130371
Brasserie des Vosges,1.0,185,48.00279998779297,6.658299922943115
Brasserie du Benin,1.0,186,32.39059829711914,-93.3739013671875
Brasserie du Bocq,3.0,187,50.3114013671875,4.94350004196167
Brasserie Dubuisson,4.0,188,50.57789993286133,3.5553998947143555
Brasserie Dupont,6.0,189,50.5718002319336,3.650799989700317
Brasserie Duyck,3.0,190,50.30889892578125,3.6284999847412114
Brasserie Ellezelloise,4.0,191,50.74280166625977,3.6875
Brasserie Fantme,4.0,192,50.2859992980957,5.512700080871582
Brasserie Grain D'Orge,1.0,193,50.60540008544922,3.077500104904175
Brasserie La Binchoise,3.0,194,50.40800094604492,4.165900230407715
Brasserie La Caracole,4.0,195,50.20240020751953,4.89139986038208
Brasserie La Choulette,3.0,196,50.26010131835938,3.3125
Brasserie Lefebvre,3.0,197,50.674598693847656,4.150899887084962
Brasserie McAuslan,4.0,198,45.46820068359375,-73.59130096435547
Brasserie Pietra,1.0,199,42.64830017089844,9.452899932861328
Brasserie Thiriez,1.0,200,50.88510131835938,2.4328999519348145
Brasserie Val de Sambre,,201,50.36819839477539,4.326600074768066
Brasserie-Brouwerij Cantillon,10.0,202,50.84159851074219,4.3354997634887695
Brasseries Kronenbourg,1.0,203,48.59299850463867,7.714900016784668
Brauerei & Gasthof zur Krone,5.0,204,47.67150115966797,9.588800430297852
Brauerei Aying Franz Inselkammer KG,6.0,205,47.97060012817383,11.780799865722654
Brauerei Beck,7.0,206,53.07870101928711,8.79010009765625
Brauerei C. & A. Veltins GmbH & Co.,1.0,207,51.30550003051758,8.125900268554688
Brauerei Fssla,4.0,208,49.89419937133789,10.885499954223633
Brauerei Gbr. Maisel KG,1.0,209,49.94770050048828,11.565899848937988
Brauerei Grieskirchen AG,1.0,210,48.23509979248047,13.82919979095459
Brauerei Gss,1.0,211,47.36249923706055,15.09469985961914
Brauerei Herrenhausen,2.0,212,52.39350128173828,9.681400299072266
Brauerei Hrle,1.0,213,47.82429885864258,10.023900032043457
Brauerei Hrlimann,1.0,214,47.36420059204102,8.524499893188478
Brauerei im Fchschen,1.0,215,,
Brauerei Leibinger,3.0,216,47.78179931640625,9.621500015258787
Brauerei Locher AG,1.0,217,47.3301010131836,9.41349983215332
Brauerei Reissdorf,1.0,218,50.87530136108398,6.994400024414063
Brauerei Schtzengarten,1.0,219,47.43009948730469,9.379400253295898
Brauerei Schumacher,1.0,220,51.22159957885742,6.785299777984619
Brauerei Schwelm,2.0,221,51.28469848632813,7.293600082397461
Brauerei Spezial,4.0,222,49.89419937133789,10.885499954223633
Brauerei und Altbierkche Pinkus Mller,4.0,223,51.9656982421875,7.621399879455566
Brauerei Wieselburg,,224,48.13059997558594,15.13860034942627
Brauereigasthof Adler,3.0,225,48.07780075073242,9.3996000289917
Brauhaus am WaldschlÃ¶sschen,1.0,226,,
Brauhaus Brew Hall,2.0,227,44.410499572753906,-95.41069793701172
Brauhaus Faust,1.0,228,49.69929885864258,9.249199867248537
Brauhaus Johann Albrecht - Dsseldorf,2.0,229,51.24039840698242,6.751599788665772
Brauhaus Johann Albrecht - Konstanz,5.0,230,47.66510009765625,9.175000190734863
Brauhaus Onuma,1.0,231,43.06460189819336,141.3470001220703
Brauhaus Sion,1.0,232,50.93939971923828,6.959400177001952
Brauhaus Sternen,5.0,233,47.55849838256836,8.90060043334961
Brausttte der Steirerbrau Aktiengesellschaft,1.0,234,47.06790161132813,15.441699981689453
Breckenridge BBQ of Omaha,6.0,235,41.25400161743164,-95.99929809570312
Breckenridge Brewery,16.0,236,39.72359848022461,-105.0009994506836
Brennerei-Distillerie Radermacher,2.0,238,50.67179870605469,6.122000217437744
Brew Kettle Taproom & Smokehouse BOP,1.0,239,41.34700012207031,-81.82260131835938
Brew Makers,1.0,240,37.38610076904297,-122.08399963378906
BrewDog Ltd,12.0,241,57.68299865722656,-2.003000020980835
Brewer's Art,3.0,242,39.30279922485352,-76.61640167236328
Brewery at Martha's Vineyard,1.0,243,41.45479965209961,-70.56500244140625
Brewery Belle-Vue,1.0,244,50.852699279785156,4.331099987030028
Brewery Budweiser Budvar,1.0,245,48.973899841308594,14.475000381469727
Brewery Corsendonk,4.0,246,51.31439971923828,4.988999843597412
Brewery Creek Brewing,6.0,247,42.860599517822266,-90.1772003173828
Brewery De Troch,6.0,248,50.85300064086914,4.164899826049806
Brewery Ommegang,5.0,249,42.681800842285156,-74.92549896240234
Brewmasters Restaurant and Brewery South,7.0,250,42.58470153808594,-87.82119750976562
Brewpub-on-the-Green,1.0,251,37.548301696777344,-121.98899841308594
Breznak,1.0,252,,
Brick Brewing,2.0,253,,
Bricktown Brewery,5.0,254,42.496498107910156,-90.66519927978516
BridgePort Brewing,13.0,255,45.53110122680664,-122.68499755859376
Brimstone Brewing,2.0,256,39.36280059814453,-77.42649841308594
Bristol Brewing,1.0,257,38.80970001220703,-104.82599639892578
Broad Ripple Brewing,7.0,258,39.87350082397461,-86.1427001953125
Brooklyn Brewery,11.0,259,40.72150039672852,-73.9574966430664
Broughton Ales,4.0,260,55.61449813842773,-3.4107000827789307
Brouwerij 't IJ,1.0,261,52.366600036621094,4.926300048828125
Brouwerij Abdij der Trappisten van Westmalle,2.0,262,51.297401428222656,4.68809986114502
Brouwerij Abdij Saint Sixtus,3.0,263,50.89609909057617,2.7221999168396
Brouwerij Alken-Maes,1.0,264,50.44309997558594,4.4147000312805185
Brouwerij Artois,1.0,265,50.88529968261719,4.700799942016602
Brouwerij Bavik - De Brabandere,8.0,266,50.86280059814453,3.2992000579833984
Brouwerij Bockor,1.0,267,50.77669906616211,3.2785000801086426
Brouwerij Boon,5.0,268,50.71229934692383,4.2196998596191415
Brouwerij Bosteels,3.0,269,51.01380157470703,4.2017998695373535
Brouwerij De Achelse Kluis,3.0,270,51.29859924316406,5.48960018157959
Brouwerij De Block,2.0,271,50.98500061035156,4.222599983215332
Brouwerij De Dolle Brouwers,6.0,272,51.028099060058594,2.9038000106811523
Brouwerij de Gouden Boom,1.0,273,51.20940017700195,3.2251999378204346
Brouwerij De Keersmaeker,1.0,274,50.9098014831543,4.250500202178955
Brouwerij De Landtsheer,5.0,276,51.02280044555664,4.1571998596191415
Brouwerij De Ranke,4.0,277,50.81050109863281,3.185699939727783
Brouwerij De Regenboog,1.0,278,51.1968002319336,3.252700090408325
Brouwerij De Smedt,3.0,279,50.97100067138672,4.190999984741212
Brouwerij der Sint-Benedictusabdij de Achelse Kluis,5.0,280,51.25149917602539,5.546000003814697
Brouwerij Duvel Moortgat,1.0,281,51.0442008972168,4.325699806213379
Brouwerij Duvel Moortgat,1.0,281,51.22060012817383,4.399700164794922
Brouwerij Duysters,1.0,282,50.98820114135742,5.055399894714356
Brouwerij Girardin,1.0,283,,
Brouwerij Het Anker,5.0,284,51.03250122070313,4.4730000495910645
Brouwerij Huyghe,5.0,285,,
Brouwerij Kerkom,2.0,286,50.77629852294922,5.165999889373778
Brouwerij Liefmans,6.0,287,50.84389877319336,3.617000102996826
Brouwerij Lindemans,5.0,288,50.81800079345703,4.2307000160217285
Brouwerij Nacional Balashi,1.0,289,,
Brouwerij Oud Beersel,1.0,290,50.75859832763672,4.3011999130249015
Brouwerij Rodenbach,3.0,291,50.94620132446289,3.136199951171875
Brouwerij Roman,1.0,292,50.83100128173828,3.6758999824523926
Brouwerij Sint-Jozef,1.0,293,51.1167984008789,5.646399974822997
Brouwerij Slaghmuylder,2.0,294,50.84170150756836,4.0212998390197745
Brouwerij St-Feuillien,2.0,295,50.50180053710938,4.10860013961792
Brouwerij St. Bernardus,9.0,296,50.84249877929688,2.636199951171875
Brouwerij Sterkens,9.0,297,51.44390106201172,4.73859977722168
Brouwerij Strubbe,1.0,298,51.09230041503906,3.009999990463257
Brouwerij The Musketiers,1.0,299,51.128700256347656,3.4784998893737797
Brouwerij Van Den Bossche,2.0,300,50.85639953613281,3.8845000267028813
Brouwerij Van Eecke,3.0,301,50.86119842529297,2.6614999771118164
Brouwerij van Hoegaarden,2.0,302,50.77780151367188,4.887700080871582
Brouwerij Van Honsebrouck,4.0,303,50.92010116577149,3.2578999996185303
Brouwerij Van Steenberge,12.0,304,51.17660140991211,3.7462000846862793
Brouwerij Verhaeghe,3.0,305,50.83219909667969,3.3884000778198238
Browar NamysÅ‚Ã³w Sp. z o.o.,1.0,306,,
Browar Okocim,2.0,307,49.96220016479492,20.600299835205078
Browar Warka,1.0,308,,
Browar Zywiec,2.0,309,49.66220092773438,19.1742000579834
Brown Street Brewery,6.0,310,45.63800048828125,-89.4126968383789
Brownings,,311,38.25540161132813,-85.74410247802734
Bryggeriet lfabrikken,1.0,312,56.07460021972656,12.116100311279295
BT McClintic Beer Company,1.0,313,42.50830078125,-89.03179931640625
Bube's Brewery,9.0,314,40.111900329589844,-76.50309753417969
Budjovick Budvar,,315,,
Budjovick Mansk Pivovar,2.0,316,,
Bull & Bush Pub & Brewery,12.0,317,39.70500183105469,-104.93599700927734
Bulldog Brewing,1.0,318,36.74769973754883,-119.77200317382812
Bullfrog Brewery,7.0,319,41.24039840698242,-77.00569915771484
Bulmer Cider,1.0,320,52.05599975585938,-2.7174999713897705
BÃ¼rgerbrÃ¤u Wolnzach,3.0,321,,
Burton Bridge Brewery,4.0,322,52.80649948120117,-1.622499942779541
Butte Creek Brewing,1.0,323,39.7244987487793,-121.8479995727539
Butterfield Brewing #1,1.0,324,36.74769973754883,-119.77200317382812
Buzzards Bay Brewing Inc.,1.0,325,41.5713005065918,-71.05709838867188
C.B. & Potts of Cheyenne,8.0,326,41.16070175170898,-104.802001953125
C.H. Evans Brewing Company,,327,42.65420150756836,-73.74810028076172
Caldera Brewing,9.0,328,42.18439865112305,-122.66300201416016
Caledonian Brewing,2.0,329,55.93579864501953,-3.229700088500977
Calhoun's Microbrewery,1.0,330,35.93199920654297,-84.01200103759766
California Cider Company,2.0,331,37.9734992980957,-122.53099822998048
Callahan's Pub and Brewery,3.0,332,32.91469955444336,-117.14600372314452
Cambridge Brewing,5.0,333,42.36640167236328,-71.09110260009766
Cameron's Brewing,1.0,334,43.4744987487793,-79.67749786376953
Camerons Brewery Company,1.0,335,41.4995002746582,-81.69539642333984
Canadian Brewery,,336,52.1343994140625,-106.64800262451172
Cape Ann Brewing,,337,42.610198974609375,-70.66639709472656
Capital Brewery,20.0,338,43.09489822387695,-89.51629638671875
Capital City Brewing Company,4.0,339,38.899898529052734,-77.0271987915039
Capital City Brewing Company,4.0,339,43.80419921875,-91.25260162353516
Capitol City Brewing #4,1.0,340,38.84109878540039,-77.08689880371094
Captain Lawrence Brewing Company,9.0,341,41.1259994506836,-73.78959655761719
Carlow Brewing Company,1.0,343,52.71960067749024,-6.8460001945495605
Carlsberg Bryggerierne,3.0,344,55.66669845581055,12.539299964904785
Carlsberg Sverige AB,2.0,345,56.90019989013672,12.540499687194824
Carlton and United Breweries,,346,-37.82310104370117,144.9669952392578
Carlyle Brewing,1.0,347,42.26890182495117,-89.0906982421875
Carmel Brewing,2.0,348,36.67770004272461,-121.65599822998048
Carolina Beer Company,1.0,349,35.62310028076172,-80.80110168457031
Carolina Brewery,4.0,350,35.910301208496094,-79.06320190429688
Carver Brewing Co.,4.0,351,37.27479934692383,-107.87999725341795
Castle Springs Brewery,1.0,352,43.754798889160156,-71.39669799804688
Cat's Paw Home Brew,1.0,353,,
Catamount Brewing,1.0,354,43.64899826049805,-72.31929779052734
Cedar Brewing,10.0,355,41.962501525878906,-91.69180297851562
Celis Brewery,5.0,356,30.267200469970703,-97.74310302734376
Central City Brewing Company,5.0,357,49.18730163574219,-122.8499984741211
Central Waters Brewing Company,4.0,358,44.44189834594727,-89.27970123291016
Cervecera Centro Americana S.A.,1.0,359,14.613300323486328,-90.5353012084961
Cervecera Cuauhtmoc-Moctezuma,7.0,360,25.7091007232666,-100.31400299072266
Cervecera del Pacfico,,361,,
Cervecera Hondurea,1.0,362,,
Cervecera Jerome,4.0,363,-32.89020156860352,-68.84400177001953
Cervecera Nacional,3.0,364,37.43159866333008,-78.65689849853516
Cerveceria Bucanero,1.0,365,,
CervecerÃ­a La Constancia,1.0,366,,
Cervejaria de Macau,1.0,367,19.721900939941406,-101.2249984741211
Cervejaria Kaiser Brasil,1.0,368,-25.168800354003906,-50.129798889160156
Cervejaria Sudbrack,5.0,369,-26.891399383544922,-49.12229919433594
Cervezas Alhambra,1.0,370,37.1875,-3.601799964904785
Chama River Brewing,1.0,371,35.139999389648445,-106.5999984741211
Charles Wells Ltd.,1.0,372,52.13209915161133,-0.4814999997615814
Charlie and Jake's Brewery and BBQ,1.0,373,28.21260070800781,-80.67340087890625
Chelsea Brewing Company,4.0,374,40.74570083618164,-74.00859832763672
Cherryland Brewing,4.0,375,44.83420181274414,-87.37699890136719
Cheshire Cat Brewery,5.0,376,39.80229949951172,-105.08399963378906
Chicago Brewing,1.0,377,36.14759826660156,-115.2979965209961
Chimay (Abbaye Notre Dame de Scourmont),4.0,378,50.035499572753906,4.377699851989746
Cigar City Brewing,6.0,379,27.95870018005371,-82.5093002319336
Circle V Brewing,1.0,380,39.76839828491211,-86.15799713134766
"City Brewing Company, LLC",4.0,381,,
CJ's Brewery & Grill,1.0,382,33.857498168945305,-117.8759994506836
Cleveland ChopHouse and Brewery,1.0,383,41.4995002746582,-81.69940185546875
Climax Brewing Copmany,9.0,384,40.6598014831543,-74.28299713134766
Clipper City Brewing Co.,15.0,385,39.23080062866211,-76.67510223388672
Clner Hofbrau Frh,1.0,386,50.940101623535156,6.956999778747559
Coach's Norman,1.0,387,35.22050094604492,-97.44390106201172
Coast Brewing,6.0,388,30.395999908447266,-88.88529968261719
Coast Range Brewing,4.0,389,37.00130081176758,-121.56600189208984
Coastal Fog Brewing,3.0,390,37.97800064086914,-122.03099822998048
Coeur d'Alene Brewing Company,1.0,391,47.67449951171875,-116.78399658203124
Cold Spring Brewing,3.0,392,45.45819854736328,-94.4291000366211
Columbia Bay Brewery Restaurant and Pub,1.0,393,42.41699981689453,-88.0739974975586
Commonwealth Brewing #1,5.0,394,42.3583984375,-71.05979919433594
Coniston Brewing,2.0,395,,
Cooper's Cave Ale Company,6.0,396,43.31769943237305,-73.63999938964844
Coopers Brewery,9.0,397,-34.87269973754883,138.572998046875
Cooperstown Brewing Company,6.0,398,42.589298248291016,-74.94029998779297
Coors Brewing - Golden Brewery,11.0,399,39.7598991394043,-105.21900177001952
Copper Dragon Brewing,1.0,400,37.727298736572266,-89.216796875
Copper Eagle Brewing,3.0,401,40.92219924926758,-98.35810089111328
Copper Eagle Brewing,3.0,401,47.94540023803711,-122.3040008544922
Copper Kettle Brewery,4.0,402,40.89419937133789,-77.19709777832031
Corner Pub,3.0,403,43.53229904174805,-90.00990295410156
Coronado Brewing Company,11.0,404,32.69760131835937,-117.1729965209961
Costal Extreme Brewing Company,1.0,405,41.5369987487793,-71.27960205078125
Courage Brewery,1.0,406,53.88460159301758,-1.2652000188827517
Court Avenue Brewing,6.0,407,41.58549880981445,-93.62100219726562
Courthouse Pub,4.0,408,44.088600158691406,-87.65760040283203
Crabby Larry's Brewpub Steak & Crab House,7.0,409,40.27949905395508,-75.21430206298828
Crabtree Brewery,,410,40.43130111694336,-104.68800354003906
Craftsman Brewing,1.0,411,34.169601440429695,-118.15899658203124
Crane River Brewpub and Cafe,13.0,412,40.80690002441406,-96.68170166015624
Crescent City Brewhouse,5.0,413,29.955799102783203,-90.06410217285156
Crested Butte Brewery &  Pub,1.0,414,38.86980056762695,-106.98699951171876
Cricket Hill,6.0,415,40.87260055541992,-74.29640197753906
Crooked River Brewing,1.0,416,41.4995002746582,-81.69539642333984
Crooked Waters Brewing,1.0,417,40.69359970092773,-89.58899688720703
Cropton Brewery,,418,54.29119873046875,-0.8406000137329102
Cucapa Brewing Company,1.0,420,31.72909927368164,-116.5780029296875
Cugino Brewing Company,2.0,421,41.85390090942383,-88.27760314941406
Cumberland Brewery,,422,38.230899810791016,-85.70549774169922
D.L. Geary Brewing Company,1.0,423,43.70759963989258,-70.31490325927734
Daas,2.0,424,50.60589981079102,3.3884000778198238
Daleside Brewery,4.0,425,53.999900817871094,-1.5010000467300415
Dark Horse Brewing Co.,8.0,426,42.266700744628906,-84.96410369873047
Day Brewing,,427,29.89940071105957,-90.10040283203124
de dochter van de korenaar,3.0,428,51.442100524902344,4.923200130462647
De Friese Bierbrouwerij Us Heit,1.0,429,53.06060028076172,5.534200191497803
De Halve Maan,4.0,430,51.202598571777344,3.2242000102996826
De Leyerth Brouwerijen,6.0,431,51.08110046386719,3.3698999881744385
De Proef Brouwerij,17.0,432,51.11589813232422,3.8157999515533447
De Struise Brouwers,3.0,433,50.92290115356445,2.751800060272217
Deep Creek Brewing,1.0,434,39.55839920043945,-79.35279846191406
DeGroen's Grill,,435,39.29040145874024,-76.61219787597656
Del Mar Stuft Pizza and Brewing,1.0,436,32.715301513671875,-117.15699768066406
Delafield Brewhaus,11.0,437,43.048099517822266,-88.35530090332031
Dempsey's Restaurant & Brewery,5.0,438,38.23619842529297,-122.63999938964844
Denmark Brewing,2.0,439,44.347801208496094,-87.82730102539062
Denver ChopHouse and Brewery,10.0,440,39.75529861450195,-104.99700164794922
Deschutes Brewery,22.0,441,44.047401428222656,-121.322998046875
Desnoes & Geddes Ltd,3.0,442,33.985801696777344,-96.65149688720705
Devil Mountain Brewing,2.0,443,39.13610076904297,-84.50309753417969
Diamond Bear Brewing Co.,3.0,444,34.747299194335945,-92.28389739990234
Diamond Knot Brewery & Alehouse,10.0,445,47.94850158691406,-122.30500030517578
Diamondback Brewery,1.0,446,41.4995002746582,-81.69539642333984
Dick's Brewing,12.0,447,46.77130126953125,-123.00700378417969
Diebels Privatbrauerei,2.0,448,51.53310012817383,6.421299934387207
Dieu du Ciel,1.0,449,45.52280044555664,-73.5927963256836
Dillon Dam Brewery,2.0,450,39.62820053100586,-106.05899810791016
Dinkelacker-Schwaben Bru,3.0,451,,
Dirt Cheap Cigarettes and Beer,1.0,452,38.54050064086914,-90.46070098876952
Dix Barbecue & Brewery,6.0,453,49.2765998840332,-123.11499786376952
Dixie Brewing,1.0,454,29.96059989929199,-90.08709716796876
Dixon's Downtown Grill,5.0,455,39.75410079956055,-105.0
Dock Street Beer,6.0,456,39.94779968261719,-75.222900390625
Dockside Brewing,6.0,457,49.269798278808594,-123.13200378417969
Doemens e.V.,1.0,458,,
Dogfish Head Craft Brewery,27.0,459,38.7682991027832,-75.31069946289062
Dortmunder Actien Brauerei  DAB,4.0,460,51.52980041503906,7.469200134277344
Dostal Alley,1.0,461,39.80189895629883,-105.51399993896484
Double Mountain Brewery & Taproom,5.0,462,45.709999084472656,-121.51499938964844
Dragonmead Microbrewery,13.0,463,42.49300003051758,-82.97530364990234
Drake's Brewing,3.0,464,37.71760177612305,-122.18199920654295
Dreher Srgyrak Zrt.,2.0,465,47.49209976196289,19.142200469970703
Dry Gulch Brewing,1.0,466,35.08449935913086,-106.6510009765625
Dublin Brewing,1.0,467,53.34410095214844,-6.267499923706055
Dubuque Brewing and Bottling,3.0,468,42.5005989074707,-90.6645965576172
Duck-Rabbit Craft Brewery,5.0,469,35.60029983520508,-77.59709930419922
DuClaw,6.0,470,39.28070068359375,-76.59439849853516
Dunedin Brewery,,471,28.013999938964844,-82.78759765625
Duneland Brewhouse Pub and Restaurant,1.0,472,41.70750045776367,-86.8949966430664
Duvel Moortgat,1.0,473,,
Dux de Lux,1.0,474,-45.03310012817383,168.66099548339844
Eagle Brewing,1.0,475,,
East End Brewing Company,5.0,476,40.455299377441406,-79.904296875
Eastern Shore Brewing,2.0,477,38.78139877319336,-76.22219848632812
Eddie McStiff's Brewpub,1.0,478,38.5724983215332,-109.5510025024414
Edelweissbrauerei Farny,5.0,479,,
Eder & Heylands,1.0,480,49.92110061645508,9.071499824523926
Eel River Brewing,6.0,481,40.57929992675781,-124.15299987792969
Efes Moscow Brewery,,482,55.75579833984375,37.61759948730469
Egan Brewing,37.0,483,44.44889831542969,-88.0604019165039
Einbecker Brauhaus AG,2.0,484,51.816200256347656,9.864299774169922
EJ Phair Brewing Company and Alehouse,1.0,485,37.97800064086914,-122.03399658203124
el ahram company,1.0,486,,
El Toro Brewing Company,1.0,487,37.15530014038086,-121.6760025024414
"Eldridge, Pope and Co.",1.0,488,,
Elgood & Sons,2.0,489,52.66429901123047,0.15950000286102295
Elk Creek Cafe and Aleworks,6.0,490,40.8911018371582,-77.47699737548828
Elk Grove Brewery & Restaurant,1.0,491,38.4093017578125,-121.36299896240234
Ellersick Brewing Big E Ales,,492,47.80989837646485,-122.302001953125
Ellicott Mills Brewing,1.0,493,39.26839828491211,-76.79940032958984
Elliott Bay Brewery and Pub,6.0,494,47.56039810180664,-122.38700103759766
Elm City Brewing Co,1.0,495,42.93239974975586,-72.28669738769531
Elysian Brewery & Public House,12.0,496,47.61399841308594,-122.31600189208984
Elysian Brewing - TangleTown,3.0,497,47.668800354003906,-122.33399963378906
Emerson Brewing,2.0,498,-45.87200164794922,170.51800537109375
Emery Pub,2.0,499,37.831298828125,-122.28500366210938
Emmett's Tavern and Brewery,2.0,500,42.09809875488281,-88.2782974243164
Empyrean Brewing Company,19.0,501,40.81549835205078,-96.71050262451172
EndeHouse Brewery and Restaurant,2.0,502,43.53250122070313,-90.00260162353516
Engel Brauerei Schwbisch Gmnd Lang,1.0,503,,
Engine House #9,10.0,504,47.25600051879883,-122.4729995727539
English Ales Brewery,1.0,505,36.6801986694336,-121.8040008544922
Epic Brewing Company,1.0,506,-36.94889831542969,174.8209991455078
Erie Brewing Company,11.0,507,42.11119842529297,-80.11299896240234
Esser's Cross Plains Brewery,2.0,508,43.11470031738281,-89.6530990600586
Estes Park Brewery,8.0,509,40.37070083618164,-105.5260009765625
Etna Brewing,1.0,510,41.45589828491211,-122.84600067138672
Ettaler Klosterbetriebe Abteilung Brauerei & Destillerie,3.0,511,47.56900024414063,11.094200134277344
F.X. Matt Brewing,34.0,512,43.10449981689453,-75.24520111083984
Far West Ireland Brewing,2.0,513,47.67010116577149,-122.11799621582031
Fauerbach Brewing Company,2.0,514,43.08440017700195,-89.4760971069336
Faultline Brewing #1,9.0,515,37.387001037597656,-121.99299621582031
Faultline Brewing #2,9.0,516,37.885501861572266,-122.03299713134766
Federation Brewery,2.0,517,54.95479965209961,-1.6576000452041626
FeldschlÃ¶ÃŸchen AG,,518,,
Felinfoel Brewery Co Ltd,1.0,519,51.69869995117188,-4.145599842071533
Fifty Fifty Brewing Co.,8.0,520,39.321998596191406,-120.16300201416016
Firehouse Brewery & Restaurant,4.0,521,41.01169967651367,-95.22720336914062
Firehouse Brewing,5.0,522,44.081199645996094,-103.22699737548828
Firehouse Grill & Brewery,5.0,523,37.37749862670898,-122.02999877929688
Firestone Walker Brewing Company,3.0,524,35.595298767089844,-120.69400024414062
First Coast Brewing,1.0,525,34.22570037841797,-77.9447021484375
Fish Brewing Company & Fish Tail Brewpub,16.0,526,47.043701171875,-122.89700317382812
"Fitger's Brewhouse, Brewery and Grill",10.0,527,46.79259872436523,-92.09089660644531
Fitzpatrick's Brewing,4.0,528,41.66109848022461,-91.53019714355469
Flagstaff Brewing,4.0,529,35.19729995727539,-111.64800262451172
Flat Branch Pub & Brewing,2.0,530,38.95000076293945,-92.3322982788086
Flat Earth Brewing Company,2.0,531,44.90840148925781,-93.15380096435548
Flatlander's Restaurant & Brewery,7.0,532,42.20309829711914,-87.9301986694336
Flensburger Brauerei,2.0,534,54.77899932861328,9.435500144958496
Florida Beer Company,,535,28.07069969177246,-80.6011962890625
Flossmoor Station Brewery,11.0,536,41.54330062866211,-87.67890167236328
Flour City Brewing,1.0,537,43.1609992980957,-77.61090087890625
Flyers Restraunt and Brewery,9.0,538,48.29919815063477,-122.6520004272461
Flying Bison Brewing,7.0,539,42.95610046386719,-78.89659881591797
Flying Dog Brewery,16.0,540,39.758201599121094,-104.98999786376952
Flying Fish Brewing Company,10.0,541,39.91210174560547,-74.97010040283203
Folx-les-Caves,1.0,542,50.681800842285156,4.954699993133545
Foothills Brewing Company,1.0,543,36.0973014831543,-80.25090026855469
Fordham Brewing,2.0,544,38.977298736572266,-76.49479675292969
Fort Collins Brewery,3.0,545,40.58319854736328,-105.04199981689452
Foster's Australia Ltd.,2.0,546,,
Fosters Tien Gang,,547,,
Founder's Restaurant & Brewing,,548,38.8047981262207,-77.0468978881836
Founders Brewing,14.0,549,42.95849990844727,-85.67350006103516
Founders Hill Brewing,6.0,550,41.80889892578125,-88.01119995117188
Four Peaks Brewing,16.0,551,33.41939926147461,-111.91600036621094
Fox River Brewing #1,10.0,552,44.03419876098633,-88.56079864501953
Fratellos Restaurant and Brewery,13.0,553,44.267799377441406,-88.47309875488281
Frederic Robinson Ltd.,3.0,554,41.499000549316406,-72.90070343017578
Frederick Brewing,1.0,555,39.36280059814453,-77.42649841308594
Free State Brewing,2.0,556,38.9718017578125,-95.23570251464844
Freeminer Brewery,2.0,557,51.83250045776367,-2.5116000175476074
Friesisches Brauhaus zu Jever,1.0,558,53.57550048828125,7.901599884033202
Front Street Brewery,5.0,559,41.52019882202149,-90.57250213623048
Frontwaters Restaurant and Brewing,1.0,560,41.54029846191406,-82.7354965209961
Frstliche Brauerei Thurn Und Taxis Regensburg,1.0,561,49.01559829711914,12.091300010681152
Full Sail Brewing #1,11.0,562,45.71030044555664,-121.51499938964844
"Fuller, Smith & Turner PBC",8.0,563,51.48770141601562,-0.24979999661445615
FÃ¼rstlich FÃ¼rstenbergische Brauerei,2.0,564,,
G. Heileman Brewing,2.0,565,43.80139923095703,-91.2396011352539
Gaslight Brewery,7.0,566,40.746498107910156,-74.2593994140625
Gasthaus & Gosebrauerei Bayerischer Bahnhof,1.0,567,51.339698791503906,12.371399879455565
Gasthaus-Brauerei Max & Moritz,3.0,568,47.60639953613281,9.606100082397461
Gasthof-Brauerei zum Frohsinn,4.0,569,47.5171012878418,9.43000030517578
Gatz Brauhaus,3.0,570,51.22489929199219,6.775700092315674
George Bateman and Son Ltd.,1.0,571,53.16910171508789,0.3169000148773193
George Gale & Company,4.0,572,50.79890060424805,-1.0911999940872192
Gilde Brauerei,3.0,573,52.35440063476562,9.753199577331543
Glacial Lakes Brewing,2.0,574,46.51800155639648,-95.3760986328125
Glacier Brewhouse,1.0,575,61.21789932250977,-149.89599609375
Glen Ellyn Sports Brew,7.0,576,41.87749862670898,-88.06700134277344
Glenwood Canyon Brewing Company,1.0,577,39.54759979248047,-107.322998046875
Gold Coast Brewery,1.0,578,-27.853900909423828,153.35899353027344
Gold Crown Brewing,2.0,579,43.46760177612305,-80.52310180664062
Golden City Brewery,1.0,580,39.75460052490234,-105.2239990234375
Golden Gate Park Brewery,4.0,581,37.774898529052734,-122.41899871826172
Golden Pacific Brewing,5.0,582,37.87160110473633,-122.27300262451172
Golden Prairie Brewing,,583,41.92729949951172,-87.68070220947266
Golden Valley Brewery and Pub,4.0,584,45.21039962768555,-123.18900299072266
Goose Island Beer Company - Clybourn,28.0,585,41.91370010375977,-87.654296875
Goose Island Beer Company - Fulton Street,14.0,586,41.88710021972656,-87.6720962524414
Gordash Brewing Company,2.0,587,26.074499130249023,-80.18060302734375
Gordon Biersch Brewing,13.0,588,37.35260009765625,-121.89299774169922
Gore Range Brewery,1.0,589,39.64410018920898,-106.59600067138672
Gottberg Brew Pub,28.0,590,41.429500579833984,-97.36229705810548
Govnor's Public House,10.0,591,42.17789840698242,-88.33769989013672
Grand Lake Brewing,1.0,592,40.251800537109375,-105.81999969482422
Grand Teton Brewing #1,1.0,593,43.49879837036133,-110.8769989013672
Grand Teton Brewing #2,2.0,594,43.5984001159668,-111.10800170898438
Granite City Food & Brewery - Omaha,3.0,595,41.2672004699707,-96.07140350341795
Granite City Food & Brewery - Saint Cloud,7.0,596,45.54980087280274,-94.20670318603516
Granville Island Brewing,1.0,597,49.89450073242188,-119.48799896240234
Granville Island Brewing Company,5.0,598,49.27050018310547,-123.13600158691406
Granville Island Brewing Company,5.0,598,34.395999908447266,-119.52100372314452
Gray Brewing,10.0,599,42.679298400878906,-89.04979705810547
Great Basin Brewing Company,,600,39.5349006652832,-119.75399780273438
Great Bear Brewing,1.0,601,61.58160018920898,-149.43899536132812
Great Dane Pub and Brewing #1,17.0,602,43.074501037597656,-89.38020324707031
Great Dane Pub and Brewing #2,11.0,603,43.0177001953125,-89.42320251464844
Great Divide Brewing,20.0,604,39.75389862060547,-104.98899841308594
Great Lakes Brewing,12.0,605,41.48440170288086,-81.7042007446289
Great Northern Tavern and Brewery,1.0,606,39.60419845581055,-105.947998046875
Great Waters Brewing Company,6.0,607,44.94670104980469,-93.09700012207031
Green Bay Brewing,13.0,608,44.51890182495117,-88.01959991455078
Green Flash Brewing,6.0,609,33.136001586914055,-117.2249984741211
Green Mill Brewing - Saint Paul,6.0,610,44.93980026245117,-93.15679931640624
Green Mountain Beverage,4.0,611,44.034400939941406,-73.17350006103516
Greene King,4.0,612,52.24100112915039,0.7156999707221985
Greenshields Brewery and Pub,6.0,613,35.77209854125977,-78.63860321044922
Grizzly Bay Brewing,3.0,614,38.23820114135742,-122.04000091552734
Grizzly Peak Brewing,1.0,615,42.28049850463867,-83.7490005493164
Grolsche Bierbrouwerij,5.0,616,52.20809936523438,6.816299915313722
Grumpy Troll Restaurant and Brewery,7.0,617,43.00809860229492,-89.73829650878906
Grupo Modelo,5.0,618,19.427000045776367,-99.12760162353516
Gulpener Bierbrouwerij,2.0,619,50.8109016418457,5.921299934387207
Haarlems Biergenootschap Jopen,1.0,620,52.37950134277344,4.637700080871582
Hacker-Pschorr Bru,3.0,621,48.13909912109375,11.5802001953125
Hair of the Dog Brewing,7.0,622,45.4901008605957,-122.64299774169922
Hale's Ales #3,9.0,623,47.65919876098633,-122.36599731445312
Half Moon Bay Brewing,7.0,624,37.49029922485352,-122.43499755859376
Ham's Restaurant and Brewhouse,1.0,625,35.608299255371094,-77.37319946289062
Hambleton Ales,2.0,626,54.174400329589844,-1.4844000339508057
Hampshire Brewery,1.0,627,50.98889923095703,-1.498900055885315
Hannen Brauerei,2.0,628,51.19129943847656,6.4421000480651855
Hansa Bryggeri,3.0,629,60.29449844360352,5.259200096130371
Hanssens Artisanal,3.0,630,50.72900009155274,4.297100067138672
Hapa*s Brew Haus and Restaurant,7.0,631,20.75919914245605,-156.45700073242188
Harbor City Brewing,3.0,632,43.38710021972656,-87.87950134277344
Harmon Brewing Company,5.0,633,47.24359893798828,-122.43699645996094
Harpoon Brewery - Boston,9.0,634,42.34650039672852,-71.03379821777344
Harpoon Brewery - Windsor,2.0,635,43.51300048828125,-72.40149688720703
Harvest Moon Brewery / Cafe,3.0,636,40.49620056152344,-74.44409942626953
Harvey & Son (Lewes),4.0,637,50.87419891357422,0.01669999957084656
Harviestoun Brewery,3.0,638,56.153099060058594,-3.8006000518798833
Hasserder Brauerei,1.0,639,51.84389877319336,10.753299713134766
Hausbrauerei Zum Schlssel,1.0,640,51.22610092163086,6.7744998931884775
Hawks Brewing,4.0,641,43.21649932861328,-123.34200286865234
HC Berger Brewing,4.0,642,40.58530044555664,-105.08399963378906
Heartland Brewery Union Square,7.0,643,40.7322998046875,-73.98739624023438
Heavenly Daze Brewery and Grill,8.0,644,39.739200592041016,-104.98500061035156
Heavyweight Brewing,1.0,645,39.96530151367188,-74.31179809570312
Heineken HungÃ¡ria,1.0,646,,
Heineken International,4.0,647,,
Heineken Ireland,,648,,
Heineken Switzerland,1.0,649,47.5077018737793,8.730199813842772
Heller Bru Trum,4.0,650,49.89199829101562,10.885299682617188
Hereford & Hops Restaurant and Brewpub #1,6.0,651,45.74580001831055,-87.05599975585938
Hereford & Hops Steakhouse and Brewpub #3,11.0,652,44.95180130004883,-89.66570281982422
Herkimer Pub & Brewery,2.0,653,44.94910049438477,-93.28849792480469
Hida Takayama Brewing Agricultural Company,1.0,654,,
High Desert Brewing Co.,,655,32.309600830078125,-106.79299926757812
High Falls Brewing,11.0,656,43.16460037231445,-77.6155014038086
High Point Wheat Beer Company,1.0,657,41.0015983581543,-74.34030151367188
Highland Brewing Company,8.0,658,35.57160186767578,-82.49909973144531
Hirschbru Privatbrauerei Hss,3.0,659,47.51319885253906,10.279000282287598
Hite Brewery,1.0,660,37.56650161743164,126.97799682617188
Hochstiftliches Brauhaus in Bayern,1.0,661,50.39490127563477,9.77239990234375
Hoepfner Privatbrauerei,1.0,662,49.01250076293945,8.426400184631348
Hofbru Kaltenhausen Salzachtal,2.0,663,47.69419860839844,13.078399658203125
Hofbruhaus Traunstein,2.0,664,47.86909866333008,12.650500297546387
Hoffbrau Steaks Brewery #1,8.0,665,32.96179962158203,-96.8292007446289
Hoffbrau Steaks Brewery #2,9.0,666,32.803001403808594,-96.7698974609375
Hofmark Brauerei,1.0,667,49.167198181152344,12.639900207519533
Holsten-Brauerei,3.0,668,53.56209945678711,9.94509983062744
Hook & Ladder Brewing Company,3.0,669,38.9911003112793,-77.02369689941406
Hook Norton Brewery,4.0,670,51.99660110473633,-1.4922000169754028
Hop Back Brewery,4.0,671,,
Hoppers Seafood & Grill,1.0,672,40.621498107910156,-111.86599731445312
Hoppin Frog Brewery,17.0,673,41.02470016479492,-81.46759796142578
Hoppy Brewing Company,5.0,674,38.55509948730469,-121.43000030517578
Hops Grillhouse & Brewery - Cherry Creek,5.0,675,39.71870040893555,-104.9499969482422
Hops Haven Brew Haus,6.0,676,43.7593994140625,-87.7228012084961
HopTown Brewing,3.0,677,37.67699813842773,-121.89800262451172
Hopworks Urban Brewery,7.0,678,45.49689865112305,-122.63500213623048
Hornsby's Pubdrafts Ltd.,,679,37.634498596191406,-120.98200225830078
HP Bulmer,1.0,680,42.26259994506836,-71.80229949951172
Htt-Brauerei Bettenhuser,1.0,681,51.26150131225586,9.449399948120117
Hubcap Brewery and Kitchen,3.0,682,39.64030075073242,-106.3740005493164
Hudepohl-Schoenling Brewing,,683,39.265098571777344,-84.37989807128906
Hue Brewery,,684,-33.217498779296875,151.42599487304688
Humboldt Brewing,12.0,686,40.86999893188477,-124.08699798583984
ICOBES b.v.b.a.,1.0,687,51.10070037841797,3.6933999061584473
Idaho Brewing,2.0,688,43.46659851074219,-112.03399658203124
Illinois Brewing,3.0,689,40.47869873046875,-88.99459838867188
InBev,1.0,690,50.88650131225586,4.706900119781494
Independence Brew Pub,5.0,691,39.952598571777344,-75.1594009399414
Independence Brewing Co,1.0,692,30.21310043334961,-97.73580169677734
Indian Wells Brewing,4.0,693,35.66749954223633,-117.8740005493164
Industrias La Constancia ILC,4.0,694,13.699799537658693,-89.18319702148438
Industrija Piva I Sokova Trebjesa,,695,,
Inveralmond Brewery,2.0,696,56.41740036010742,-3.47790002822876
Irish Brewing Company,,697,53.48630142211914,-6.168000221252441
Iron City Brewing Co.,3.0,698,40.46099853515625,-79.96530151367188
Iron Hill Brewery - Newark,1.0,699,39.68339920043945,-75.74669647216797
Iron Hill Brewery - Wilmingon,10.0,700,39.74499893188477,-75.55609893798828
Iron Springs Pub & Brewery,8.0,701,37.986000061035156,-122.58399963378906
Island Brewing Company,1.0,702,,
Isle of Skye Brewing Company,1.0,703,56.490699768066406,-4.202600002288818
Issaquah Brewhouse,5.0,704,47.52999877929688,-122.03700256347656
Ithaca Beer Company,7.0,705,42.41450119018555,-76.53150177001953
Jack Russell Brewing,2.0,706,38.75630187988281,-120.6790008544922
Jack Russell Brewing,2.0,706,49.14820098876953,-122.86199951171876
Jack's Brewing,6.0,707,37.54410171508789,-121.98799896240234
Jacob Leinenkugel Brewing Company,14.0,708,44.94490051269531,-91.39679718017578
Jaipur Restaurant and Brewpub,1.0,709,41.2327995300293,-96.0824966430664
James Page Brewing,3.0,710,45.00389862060547,-93.2501983642578
Jarre Creek Ranch Brewing,1.0,711,39.37220001220703,-104.8560028076172
Jasper Ridge Brewery,4.0,712,46.50149917602539,-87.67900085449219
Jennings Brewery,1.0,713,54.66490173339844,-3.3633999824523926
Jever Brewery,1.0,714,53.57569885253906,7.900300025939941
Jinro Coors Brewing,1.0,715,37.56650161743164,126.97799682617188
JJ Bitting Brewing,4.0,716,40.55490112304688,-74.277099609375
Jobber's Canyon Restaurant & Brewery,3.0,717,41.25400161743164,-95.99929809570312
JoBoy's Brew Pub,4.0,718,40.17070007324219,-76.38379669189453
John Harvard's Brew House - Framingham,1.0,719,42.3036994934082,-71.39659881591797
John Harvard's Brew House - Harvard Square,1.0,720,42.37239837646485,-71.11930084228516
John Harvard's Brewhouse - Wilmington,5.0,721,39.74580001831055,-75.54669952392578
John Martin sa,1.0,722,50.72980117797852,4.507999897003174
Jolly Pumpkin Artisan Ales,13.0,723,42.337501525878906,-83.8895034790039
Joshua Huddy's Brew Pub and Grill,3.0,724,39.95289993286133,-74.20099639892578
JT Whitney's Brewpub and Eatery,14.0,725,43.05189895629883,-89.47370147705078
Jurupa Valley Brewing,1.0,726,33.95330047607422,-117.39600372314452
JW Lees and Co (Brewers) Ltd.,14.0,727,53.54119873046875,-2.1733999252319336
Kaiser-Bru,1.0,728,49.62829971313477,11.549799919128418
Kaiserdom Privatbrauerei Bamberg,4.0,729,49.90430068969727,10.852399826049805
Kalamazoo Brewing,3.0,730,42.294898986816406,-85.57879638671875
Karl Strauss Brewery Gardens - Sorrento Mesa,7.0,731,32.896900177001946,-117.20099639892578
Karlovacka Pivovara,1.0,732,45.49560165405274,15.533100128173828
Keesmann Bru,2.0,733,49.89039993286133,10.905599594116213
Keg Microbrewery & Restaurant,4.0,734,44.52360153198242,-89.57460021972656
Keihan Uji Kotsu,1.0,735,,
Kelmer's Brewhouse,4.0,736,38.44049835205078,-122.71399688720705
Kentucky Hemp Beer Company,1.0,737,38.031700134277344,-84.49510192871094
Kenya Breweries,1.0,738,-1.2833000421524048,36.81669998168945
Kessler Brewing,2.0,739,46.59579849243164,-112.0270004272461
King and Barnes,1.0,740,51.06380081176758,-0.3269999921321869
"Kirin Brewery Company, Ltd",2.0,741,,
Kiuchi Shuzou Goushi Kaisya,8.0,742,,
Kleinbrouwerij de Glazen Toren,3.0,743,50.9193000793457,3.966599941253662
Klosterbrauerei Neuzelle,4.0,744,52.09099960327149,14.650899887084961
Klosterbrauerei Weltenburg,5.0,745,49.01440048217773,12.074999809265135
Klosterbru Bamberg,4.0,746,49.88909912109375,10.88700008392334
Knig Brauerei,1.0,747,51.53139877319336,6.741799831390381
Knig Ludwig Schlobrauerei Kaltenberg,3.0,748,48.18259811401367,11.25220012664795
Knigsbacher Brauerei,1.0,749,50.32160186767578,7.58620023727417
Knigsegger WalderBru,1.0,750,47.92620086669922,9.42039966583252
Kona Brewing,7.0,751,19.642000198364254,-155.99600219726562
KÃ¶stritzer Schwarzbierbrauerei,3.0,752,,
KrÃ¡lovskÃ½ pivovar KruÅ¡ovice,1.0,753,,
Krogh's Restaurant and Brewpub,7.0,754,41.03229904174805,-74.64070129394531
Kross Brewing,1.0,755,44.56169891357422,-72.59839630126953
Kuhnhenn Brewing,2.0,756,42.52780151367188,-83.04720306396484
Kulmbacher Brauerei AG,12.0,757,50.10599899291992,11.444199562072756
Kulmbacher Mnchshof Bru,1.0,758,50.10770034790039,11.45300006866455
La Jolla Brew House,6.0,759,32.84090042114258,-117.27400207519531
La Jolla Brewing,4.0,760,33.857498168945305,-117.8759994506836
Labatt / Keith's Brewery / Oland Breweries,,761,44.6598014831543,-63.59970092773438
Labatt Ontario Breweries,12.0,762,42.97779846191406,-81.24669647216797
LaConner Brewing,4.0,763,48.3917007446289,-122.49500274658205
Lafayette Brewing,2.0,764,40.41939926147461,-86.88999938964844
Lagunitas Brewing Company,14.0,765,38.27239990234375,-122.66200256347656
Lake Louie Brewing,1.0,766,43.17060089111328,-89.93240356445312
Lake Placid Pub & Brewery,1.0,767,44.282901763916016,-73.9813003540039
Lake Superior Brewing,5.0,768,46.76110076904297,-92.13189697265624
Lakefront Brewery,19.0,769,43.0546989440918,-87.9052963256836
Lammin Sahti Oy,1.0,770,,
Lancaster Brewing Co.,16.0,771,40.043800354003906,-76.29840087890625
Lanchester Brewing,1.0,772,54.8228988647461,-1.7457000017166138
Lang Creek Brewry,,773,48.01399993896485,-115.01100158691406
Latrobe Brewing,1.0,774,40.32120132446289,-79.37950134277344
Laughing Dog Brewing,,775,48.30030059814453,-116.53800201416016
Lazy Magnolia Brewing Company,1.0,776,30.376399993896484,-89.44969940185547
Le Cheval Blanc,1.0,777,45.51810073852539,-73.56420135498047
Left Coast Brewing,2.0,778,33.457698822021484,-117.58899688720705
Left Hand Brewing Company,9.0,779,40.15869903564453,-105.11299896240234
Legacy Brewing Co.,4.0,780,40.325599670410156,-75.92829895019531
Legends Brewhouse & Eatery of Green Bay,3.0,781,44.55339813232422,-88.09770202636719
Leinenkugel's Ballyard Brewery,1.0,782,33.44839859008789,-112.0739974975586
Lewis & Clark Brewing Company,1.0,783,46.59769821166992,-112.03700256347656
Liberty Steakhouse and Brewery,9.0,784,33.718700408935554,-78.88310241699219
Licher Privatbrauerei,1.0,785,50.52080154418945,8.81659984588623
Liefmans Breweries,4.0,786,50.96490097045898,3.4219999313354488
Lift Bridge Brewery,4.0,787,45.05649948120117,-92.82219696044922
Lighthouse Brewing,1.0,788,48.43579864501953,-123.39600372314452
Lightning Boy Brewery,1.0,789,45.77859878540039,-111.1790008544922
Limburg Beer Company,1.0,790,-39.62749862670898,176.85400390625
Lion Brewery Ceylon Ltd.,2.0,791,38.754798889160156,-9.188300132751463
Lion Brewery Inc.,2.0,792,41.25569915771485,-75.8582992553711
Lion Nathan Australia  Hunter Street,1.0,793,-33.868698120117195,151.2169952392578
Listermann Brewing Company,3.0,794,39.145599365234375,-84.4740982055664
Little Apple Brewing,6.0,795,39.18360137939453,-96.57170104980469
Little Creatures Brewery,1.0,796,-32.05970001220703,115.74500274658205
Live Oak Brewing,6.0,797,30.25410079956055,-97.70549774169922
Loaf and Stein Brewing,4.0,798,45.917198181152344,-89.24430084228516
Lobkowiczk Pivovar Vysok Chlumec,,799,49.62060165405274,14.383700370788574
Logjam Microbrewery,2.0,800,44.851600646972656,-90.31649780273438
Long Trail Brewing Co,8.0,801,43.58819961547852,-72.65630340576172
Long Valley Pub & Brewery,6.0,802,40.7843017578125,-74.77999877929688
Lost Coast Brewery,7.0,803,40.803199768066406,-124.16500091552734
LÃ¶wenbrÃ¤u Brauerei,4.0,804,,
Lwenbru Munich,2.0,805,43.73789978027344,-79.57140350341797
Lwenbru Zrich,1.0,806,47.36420059204102,8.524499893188478
Maclay and Co.,4.0,807,56.1072998046875,-3.7527999877929688
Mad Anthony Brewing,7.0,808,41.06769943237305,-85.15239715576172
Mad Crab Restaurant and Brewery,5.0,809,41.31449890136719,-81.83570098876953
Mad River Brewing,6.0,810,40.87900161743164,-123.99299621582031
Mad River Brewing Company,,811,40.87860107421875,-123.99199676513672
Magic Hat,19.0,812,44.42839813232422,-73.21309661865234
Magnolia Pub and Brewery,6.0,813,37.77019882202149,-122.44499969482422
Main Street Alehouse,2.0,814,45.5000991821289,-122.43099975585938
Main Street Beer Company #1,2.0,815,37.54299926757813,-77.46910095214844
Main Street Brewery,2.0,816,33.883499145507805,-117.56500244140624
Main Street Brewing,1.0,817,32.803001403808594,-96.7698974609375
"Main Street Station Casino, Brewery and Hotel",2.0,818,36.17549896240234,-115.1449966430664
Maisel Bru,3.0,819,49.892799377441406,10.913100242614746
Malt Shovel Brewery,3.0,820,-33.88669967651367,151.1739959716797
Mambo Beer,1.0,821,43.21670150756836,-87.92400360107422
Mammoth Brewing,1.0,822,37.648399353027344,-118.98300170898438
Manayunk Brewery and Restaurant,9.0,823,40.02360153198242,-75.22019958496094
Manhattan Beach Brewing,3.0,824,33.8843994140625,-118.41100311279295
Marble Brewery,1.0,825,35.09280014038086,-106.64700317382812
Margaritaville Brewing Company,2.0,826,30.3617000579834,-81.69660186767578
Marin Brewing,8.0,827,37.947898864746094,-122.51100158691406
Marine Pub & Brewhouse,2.0,828,49.20550155639648,-122.97799682617188
Maritime Pacific Brewing,10.0,829,47.66370010375977,-122.3769989013672
Marquette Harbor Brewery and Restaurant,3.0,830,46.54309844970703,-87.39289855957031
Marshall Brewing Company,3.0,831,36.152000427246094,-95.9646987915039
Martini-Brauerei,4.0,832,51.31750106811523,9.479299545288086
Marzoni's Brick Oven & Brewing Co,6.0,833,40.42340087890625,-78.43389892578125
Mash House Restaurant and Brewery,1.0,834,35.07070159912109,-78.95449829101562
Matilda Bay Brewing,1.0,835,-32.02320098876953,115.75399780273438
Maui Brewing Co.,3.0,836,20.97209930419922,-156.677001953125
Maumee Bay Brewing,1.0,837,41.6431999206543,-83.53839874267578
McCashin's Brewery & Malthouse,1.0,838,40.19889831542969,-98.06729888916016
McCoy's Public House and Brewkitchen,1.0,839,39.05339813232422,-94.59190368652344
McGuire's Irish Pub and Brewery - Pensacola,1.0,840,30.418100357055664,-87.20240020751953
McKenzie Brew House,10.0,841,39.86579895019531,-75.54419708251953
McMenamins Mill Creek,9.0,842,47.87739944458008,-122.21099853515624
McMullen & Sons,3.0,843,51.79750061035156,-0.08060000091791153
Meantime Brewing Company Limited,3.0,844,51.48989868164063,0.03799999877810478
Meckatzer Lwenbru,1.0,845,47.63079833984375,9.88889980316162
Mehana Brewing,2.0,846,19.70599937438965,-155.06900024414062
Mendocino Brewing - Hopland,7.0,847,38.9734001159668,-123.11599731445312
Mendocino Brewing - Saratoga Springs,1.0,848,43.083099365234375,-73.78459930419922
Mendocino Brewing - Ukiah,1.0,849,39.13259887695313,-123.20099639892578
Mercury Brewing Company,10.0,850,42.67279815673828,-70.84400177001953
Metropolitan Brewing,2.0,851,41.974998474121094,-87.67400360107422
Mia and Pia's Pizzeria and Brewhouse,1.0,852,42.22489929199219,-121.78199768066406
Michigan Brewing,17.0,853,42.661598205566406,-84.1946029663086
Mickey Finn's Brewery,11.0,854,42.287200927734375,-87.95379638671875
Mickey's Brewing Co.,,855,43.03889846801758,-87.90650177001953
Microbrouwerij Achilles,1.0,856,51.10279846191406,4.726900100708008
Middle Ages Brewing,19.0,857,43.05080032348633,-76.16169738769531
Midnight Sun Brewing Co.,57.0,858,61.14730072021485,-149.843994140625
Mikkeller,2.0,859,,
Milagro Brewery and Grill,1.0,860,35.29999923706055,-106.5510025024414
Mill Creek Brewpub,1.0,861,46.06969833374024,-118.33599853515624
Mill Steakhouse,1.0,862,39.61199951171875,-105.0189971923828
Miller Brewing,11.0,863,43.04449844360352,-87.96260070800781
Millrose Brewing,6.0,864,42.08549880981445,-88.14109802246094
Millstream Brewing,4.0,865,41.79719924926758,-91.86519622802734
Milly's Tavern,1.0,866,42.99449920654297,-71.46739959716797
Milwaukee Ale House,8.0,867,43.03340148925781,-87.9093017578125
Minhas Craft Brewery,5.0,868,42.60010147094727,-89.64219665527344
Minneapolis Town Hall Brewery,12.0,869,44.97320175170898,-93.2479019165039
Minnesota Brewing,,870,44.94419860839844,-93.08609771728516
Minocqua Brewing Company,9.0,871,45.87220001220703,-89.70970153808594
Mishawaka Brewing,6.0,872,41.69309997558594,-86.18180084228516
Mission Springs Brewing,4.0,873,49.132301330566406,-122.34300231933594
Mississippi Brewing Co.,1.0,874,40.6870002746582,-73.70800018310547
Moab Brewery,2.0,875,38.56570053100586,-109.5500030517578
Mogollon Brewing Company,5.0,876,35.215599060058594,-111.58999633789062
Mohrenbrauerei August Huber,3.0,877,47.41230010986328,9.74429988861084
Molson Breweries of Canada,9.0,878,43.67060089111328,-79.38240051269531
Montana Brewing,8.0,879,45.78219985961914,-108.50599670410156
Monte Carlo Casino and Brewpub,1.0,880,36.12860107421875,-115.1709976196289
Monteith's Brewing Co.,2.0,881,-42.45050048828125,171.20700073242188
Moon River Brewing Company,8.0,882,32.08100128173828,-81.09149932861328
Moonlight Brewing,4.0,883,38.49800109863281,-122.77999877929688
Moorhouse's Brewery (Burnley),2.0,884,53.786399841308594,-2.269399881362915
Moose's Tooth Pub and Pizzeria,4.0,885,61.19020080566406,-149.86900329589844
Moosehead Breweries,2.0,886,45.25669860839844,-66.09600067138672
Moosehead Breweries Ltd.,,887,45.2578010559082,-66.09839630126953
Moosejaw Pizza & Dells Brewing Company,10.0,888,43.5906982421875,-89.79389953613281
Mordue Brewery,1.0,889,55.0167007446289,-1.4924999475479126
Morland and Co.,2.0,890,51.67010116577149,-1.2849999666213991
Mountain Sun Pub & Brewery,2.0,891,40.01900100708008,-105.2750015258789
Moylan's Brewery & Restaurant,9.0,892,38.09410095214844,-122.55699920654295
moylans Brewing company,,893,38.107398986816406,-122.56999969482422
Mudshark Brewing,5.0,894,34.46860122680664,-114.34100341796876
Murphy's Wagon Wheel,4.0,895,40.58430099487305,-98.39119720458984
Mussel Inn,1.0,896,-40.76580047607422,172.7050018310547
Myanmar Brewery and Distillery,1.0,897,16.777900695800778,96.16790008544922
Mythos Breweries S.A.,1.0,898,,
Namaqua Brewing,,899,40.39780044555664,-105.0749969482422
Namibia Breweries,1.0,900,-22.558900833129886,17.082500457763672
Nebraska Brewing Company,8.0,901,41.1338996887207,-96.03070068359376
Nebraska Brewing Company,8.0,901,37.24399948120117,-107.87899780273438
Nelson Brewing,1.0,902,49.48839950561523,-117.29000091552734
Nethergate Brewery Co Ltd,2.0,903,52.08100128173828,0.6559000015258789
New Albanian Brewing,1.0,904,38.32809829711914,-85.81710052490234
New Belgium Brewing,15.0,905,40.59289932250977,-105.06999969482422
New Century Brewing Company,1.0,906,42.358699798583984,-71.05740356445312
New Glarus Brewing Company,21.0,907,42.81710052490234,-89.63059997558594
New Holland Brewing Company,14.0,908,42.790000915527344,-86.1041030883789
New River Brewing,1.0,909,33.90890121459961,-84.30560302734375
New Road Brewhouse,1.0,910,40.18569946289063,-75.45159912109375
New Zealand Breweries Limited,1.0,911,,
Niagara Falls Brewing,10.0,912,43.089298248291016,-79.11000061035156
Nicolet Brewing,6.0,913,45.92219924926758,-88.25180053710938
Nikenjayamochi Kadoya Honten Co.,1.0,914,,
Ninkasi Brewing,,915,44.05690002441406,-123.11000061035156
Nodding Head Brewpub,8.0,916,39.95019912719727,-75.1666030883789
Nor'Wester Brewery and Public House,4.0,917,45.52349853515625,-122.6760025024414
Nordsj Grdsbryggeri,1.0,918,58.536598205566406,15.03730010986328
North Coast Brewing Company,15.0,919,39.44660186767578,-123.80599975585938
North Country Brewery,11.0,920,41.06380081176758,-80.05560302734375
Northwest Brewwrks,1.0,921,47.68149948120117,-122.20899963378906
Northwoods Brewpub Grill,10.0,922,44.7775993347168,-91.44329833984376
NÃ¸gne Ã˜ - Det KompromisslÃ¸se Bryggeri A/S,14.0,923,,
O'Fallon Brewery,1.0,924,38.80580139160156,-90.7531967163086
O'Gara's Bar & Grill,6.0,925,44.94580078125,-93.16699981689452
O'Grady's Brewery and Pub #1,6.0,926,42.0884017944336,-87.98059844970703
O'Hanlon's Brewing Company Ltd.,,927,,
O'Hara's Brewpub and Restaurant,3.0,928,45.55390167236328,-94.17030334472656
Oak Creek Brewery,8.0,929,34.866100311279304,-111.7959976196289
Oaken Barrel Brewing,5.0,930,39.6150016784668,-86.09010314941406
Oakham Ales,1.0,931,52.57580184936523,-0.24799999594688416
Oasis Brewery and Restaurant,1.0,932,40.01499938964844,-105.27100372314452
Oasis Brewery Annex,2.0,933,40.01499938964844,-105.27100372314452
Oconomowoc Brewing,2.0,934,43.11169815063477,-88.49929809570312
Odell Brewing,11.0,935,40.58940124511719,-105.06300354003906
Oggi's Pizza and Brewing - Vista,7.0,936,33.20289993286133,-117.25499725341795
Ohio Brewing,5.0,937,41.18280029296875,-80.7654037475586
Okanagan Spring Brewery,1.0,938,50.26129913330078,-119.2770004272461
Old City Brewing,1.0,939,30.27669906616211,-97.74629974365234
Old Dominion Brewing Co.,2.0,940,39.15399932861328,-75.4884033203125
Old Hat Brewery,10.0,941,42.1682014465332,-85.84970092773438
Olde Main Brewing,6.0,942,42.02479934692383,-93.6147003173828
Olde Peninsula Brewpub and Restaurant,8.0,943,42.29359817504883,-85.57779693603516
Oldenberg Brewery,2.0,944,39.04719924926758,-84.55989837646484
On Tap Bistro & Brewery,7.0,945,32.715301513671875,-117.15699768066406
Onion Pub & Brewery,1.0,946,42.186500549316406,-88.18350219726562
Onopa Brewing,4.0,947,43.03889846801758,-87.90650177001953
Orchard Street Brewery,1.0,948,48.75960159301758,-122.48799896240234
Oregon Trader Brewing,1.0,949,44.63650131225586,-123.1060028076172
Oregon Trail Brewery,1.0,950,44.56129837036133,-123.26100158691406
Oriental Brewery,1.0,951,,
Original Basil T's,,952,40.35319900512695,-74.07469940185547
Orkney Brewery,4.0,953,59.06969833374024,-3.313499927520752
Orlando Brewing,3.0,954,28.526500701904297,-81.38269805908203
Orlio Organic,3.0,955,44.42839813232422,-73.21309661865234
Oskar Blues Grill and Brew,7.0,956,40.22460174560547,-105.26799774169922
Ostankinskij Pivovarennij Zavod,1.0,957,55.75579833984375,37.61759948730469
Ottakringer Brauerei AG,1.0,958,48.21329879760742,16.322900772094727
Otter Creek Brewing & Wolaver's Organic Ales,9.0,959,44.01969909667969,-73.16929626464844
Otto's Pub and Brewery,21.0,960,40.80979919433594,-77.91010284423828
Oy Sinebrychoff AB,2.0,961,60.38100051879883,25.11020088195801
Oyster Bar Bistro and Brewery,5.0,962,41.147499084472656,-85.1167984008789
Pabst Brewing Company,10.0,963,29.43000030517578,-98.48999786376952
Pacific Beach Brewhouse,5.0,964,32.79779815673828,-117.23999786376952
Pacific Coast Brewing,6.0,965,37.80160140991211,-122.27400207519531
Pacific Rim Brewing,9.0,966,47.51430130004883,-122.35299682617188
Palm Breweries,1.0,967,50.99530029296875,4.2835001945495605
Palmetto Brewing,1.0,968,32.801700592041016,-79.94550323486328
Panther Brewing Company,2.0,969,43.14670181274414,-75.17790222167969
Paper City Brewing Company,1.0,970,42.20119857788086,-72.61039733886719
Park City Brewing,2.0,971,40.49599838256836,-111.41999816894531
Paulaner,12.0,972,48.13909912109375,11.5802001953125
Pearl Street Brewery,1.0,973,43.83440017700195,-91.23619842529295
Pelican Pub & Brewery,3.0,974,45.2151985168457,-123.97000122070312
Penn Brewery,8.0,975,40.45690155029297,-79.99150085449219
Pennichuck Brewing Company,11.0,976,42.83679962158203,-71.66259765625
Pennsylvania Brewing,1.0,977,40.45690155029297,-79.99150085449219
Pete's Brewing,7.0,978,29.576099395751953,-98.47720336914062
Pete's Place,1.0,979,34.925098419189446,-95.72530364990234
PH Woods Diner and Brewery,1.0,980,33.917598724365234,-117.26000213623048
Philadelphia Brewing Co,4.0,981,39.98270034790039,-75.12750244140625
Phoenix Beverages Ltd,1.0,982,-20.273799896240234,57.49710083007813
Piece,2.0,983,41.910400390625,-87.67610168457031
Pike Pub and Brewery,8.0,984,47.60810089111328,-122.33999633789062
Pinehurst Village Brewery,4.0,985,35.131500244140625,-79.42949676513672
Pinnacle Peak Patio Steakhouse & Microbrewery,1.0,986,33.72679901123047,-111.85299682617188
Pint's Pub Brewery and Freehouse,2.0,987,39.736900329589844,-104.99099731445312
Pivara Skopje,1.0,988,42.00379943847656,21.452199935913086
Pivovar Herold Beznice,,989,,
Pivovar Hradec Krlov,3.0,990,50.20940017700195,15.832599639892578
Pivovar Klter Hradit,1.0,991,,
Pivovar Nchod,2.0,992,,
Pivovar Pardubice a.s.,1.0,993,50.035499572753906,15.76200008392334
Pivovar Podkov,,994,50.08779907226562,14.420499801635742
Pivovar Starobrno,1.0,995,49.19110107421875,16.591800689697266
Pivovar v Hurbanove,1.0,996,47.88090133666992,18.197200775146484
Pivovar Velk Popovice,1.0,997,49.92250061035156,14.636099815368652
Pivovary Staropramen,1.0,998,50.06850051879883,14.406700134277346
Pivzavod Baltika /,4.0,999,59.93899917602539,30.31579971313477
Pizza Beer,1.0,1000,41.945499420166016,-88.45069885253906
Pizza Port Brewing - Solana Beach,2.0,1001,32.990798950195305,-117.27200317382812
Pizzeria Uno Chicago Grill & Brewery,5.0,1002,37.22829818725586,-77.39029693603516
Platte Valley Brewing,1.0,1003,40.69540023803711,-99.0811996459961
Pleasanton Main Street Brewery,6.0,1004,37.66450119018555,-121.8730010986328
Plzesk Prazdroj,1.0,1005,49.74660110473633,13.386099815368652
Plzesk Prazdroj Pivovar Radegast,1.0,1006,,
Pokka Beer Works,1.0,1007,35.181400299072266,136.906005859375
Pony Express Brewing,1.0,1008,38.88140106201172,-94.81909942626952
Port Brewing Company,16.0,1009,33.14059829711914,-117.1500015258789
Port Washington Brewing,5.0,1010,43.38719940185547,-87.87560272216797
Porterhouse Restaurant and Brewpub,5.0,1011,40.33409881591797,-75.01200103759766
Portland Brewing,2.0,1012,45.54150009155274,-122.71299743652344
Portsmouth Brewery,4.0,1013,43.07809829711914,-70.75749969482422
Prairie Rock Brewing - Elgin,6.0,1014,42.03469848632813,-88.28189849853516
Prescott Brewing Company,8.0,1015,34.54199981689453,-112.47000122070312
Pripps Ringnes Bryggerier,1.0,1016,60.48770141601562,9.18850040435791
Privat-Brauerei Schmucker Ober-Mossau KG,1.0,1017,49.67470169067383,8.925000190734863
Privatbrauerei Bolten,1.0,1018,51.18330001831055,6.499300003051758
Privatbrauerei Erdinger Weissbru,4.0,1019,48.31529998779297,11.89109992980957
Privatbrauerei Frankenheim,1.0,1020,51.22919845581055,6.792500019073486
Privatbrauerei Gaffel,1.0,1021,50.94649887084961,6.956299781799316
Privatbrauerei Hofmhl,1.0,1022,,
Private Weissbierbrauerei G. Schneider & Sohn GmbH,7.0,1023,48.91749954223633,11.873499870300293
Privater Brauereigasthof Greifenklau,2.0,1024,49.88510131835938,10.88230037689209
Pug Ryan's Steakhouse and Brewery,1.0,1025,39.62820053100586,-106.0469970703125
Pugsley Brewing LLC,1.0,1026,43.6614990234375,-70.25530242919922
Pumphouse Brewery & Restaurant,2.0,1027,40.168800354003906,-105.10199737548828
Pumphouse Pizza and Brewing,1.0,1028,43.60110092163086,-89.793701171875
"Pyramid Alehouse, Brewery and Restaurant - Berkeley",21.0,1029,47.59170150756836,-122.33499908447266
"Pyramid Alehouse, Brewery and Restaurant - Berkeley",21.0,1029,37.88059997558594,-122.3000030517578
"Pyramid Alehouse, Brewery and Restaurant - Seattle",9.0,1030,,
Pyramid Ales Brewery,12.0,1031,47.59239959716797,-122.33399963378906
Qingdao Brewery,1.0,1032,36.06629943847656,120.38300323486328
Quigleys,,1033,33.490501403808594,-79.11599731445312
R&B; Brewing,1.0,1034,49.26729965209961,-123.10299682617188
Raccoon Lodge and Brewpub / Cascade Brewing,9.0,1035,45.48559951782226,-122.75399780273438
Raccoon River Brewing,7.0,1036,41.58409881591797,-93.62960052490234
Radeberger Exportbierbrauerei,1.0,1037,51.11479949951172,13.914999961853027
Rahr & Sons Brewing Company,13.0,1038,32.73659896850586,-97.32740020751952
Rail House Restaurant and Brewpub,9.0,1039,45.08509826660156,-87.65440368652344
Railway Brewing,2.0,1040,61.21810150146485,-149.89999389648438
Ramapo Valley Brewery,4.0,1041,41.1151008605957,-74.14700317382812
Randy's Fun Hunters Brewery Restaurant and Banquet Center,4.0,1042,42.83200073242188,-88.71399688720703
RCH Brewery,3.0,1043,51.37229919433594,-2.8773000240325928
Real Ale Brewing Company,5.0,1044,30.113000869750977,-98.41560363769531
ReaperAle,1.0,1045,33.6864013671875,-117.66000366210938
Red Kettle Brewing,3.0,1046,33.036998748779304,-117.29199981689452
Red Lodge Ales,2.0,1047,45.19129943847656,-109.24700164794922
Red Oak Brewery,3.0,1048,36.06129837036133,-79.56950378417969
Red Star Brewery & Grille,6.0,1049,40.30440139770508,-79.5470962524414
RedFish New Orleans Brewhouse,1.0,1050,40.018699645996094,-105.27899932861328
Redhook Ale Brewery,12.0,1051,47.606201171875,-122.33200073242188
Remington Watson Smith Brewing,2.0,1052,43.01169967651367,-88.23149871826172
Restaurant Isarbru,1.0,1053,48.07080078125,11.531100273132324
Revolution Brewing LLC,4.0,1054,41.92340087890625,-87.69819641113281
Richbrau Brewing Company,8.0,1055,37.53559875488281,-77.43379974365234
Ridgeway Brewing,8.0,1056,51.54619979858398,-1.1354999542236328
Rio Salado Brewing,1.0,1057,33.414798736572266,-111.90899658203124
River Horse Brewing Company,6.0,1058,40.36880111694336,-74.94770050048828
River West Brewing,13.0,1059,41.849998474121094,-87.65010070800781
Rivers Effortless Dining,1.0,1060,40.63800048828125,-111.69000244140624
Rivertowne Pour House,4.0,1061,40.44649887084961,-79.76419830322266
Rock Art Brewery,5.0,1062,44.56930160522461,-72.60340118408203
Rock Bottom Restaurant & Brewery - Chicago,1.0,1063,41.89149856567383,-87.62840270996094
Rock Bottom Restaurant & Brewery - Denver,4.0,1064,39.74720001220703,-104.99500274658205
Rock Bottom Restaurant & Brewery - Milwaukee,6.0,1065,43.03990173339844,-87.91169738769531
Rock Bottom Restaurant & Brewery - Minneapolis,8.0,1066,44.97650146484375,-93.27469635009766
Rock Bottom Restaurant & Brewery - San Jose,6.0,1067,37.28860092163086,-121.93299865722656
Rock Bottom Restaurant & Brewery - South Denver,1.0,1068,39.56779861450195,-104.8740005493164
Rocky River Brewing,4.0,1069,41.46229934692383,-81.85600280761719
Rockyard Brewing,1.0,1070,39.40909957885742,-104.87000274658205
Roffey Brewery,2.0,1071,42.787498474121094,-86.10890197753906
Rogue Ales,49.0,1072,44.620201110839844,-124.052001953125
ronald mengerink,,1073,51.442100524902344,4.923200130462647
Roost Brewery,4.0,1074,37.28689956665039,-121.9459991455078
Roots Organic Brewing,1.0,1075,45.51179885864258,-122.65899658203124
Ross Valley Brewing,1.0,1076,37.987098693847656,-122.58899688720705
Rothaus Brauerei,6.0,1077,43.31779861450195,-88.37899780273438
Route 66 Brewery,7.0,1078,38.64699935913086,-90.2249984741211
Routh Street Brewery and Grille,8.0,1079,32.78900146484375,-96.79889678955078
Rowland's Calumet Brewery,6.0,1080,44.02909851074219,-88.16290283203125
Roy Pitz Brewing Company,6.0,1081,39.93899917602539,-77.65660095214844
Rubicon Brewing,1.0,1082,38.57310104370117,-121.4810028076172
Ruppaner-Brauerei,7.0,1083,47.68550109863281,9.208000183105467
Rush River Brewing,1.0,1084,44.89020156860352,-92.63780212402344
Russell Brewing,4.0,1085,,
Russian River Brewing,12.0,1086,38.44179916381836,-122.71199798583984
S.A. Damm,4.0,1087,41.38790130615234,2.1698999404907227
SA Brain & Co. Ltd.,1.0,1088,51.47359848022461,-3.178999900817871
"Sabmiller India,",10.0,1089,12.968299865722654,77.65699768066406
Sacramento Brewing Company,6.0,1090,38.61909866333008,-121.4000015258789
Saint Arnold Brewing,7.0,1091,29.812299728393555,-95.46749877929688
Saint Louis Brewery / Schlafy Tap Room,18.0,1092,38.632999420166016,-90.20999908447266
Saint Somewhere Brewing Company,3.0,1093,28.16460037231445,-82.77169799804688
Saku lletehas,1.0,1094,59.30139923095703,24.66790008544922
Salado Creek Brewing Company,3.0,1095,29.42410087585449,-98.49359893798828
Salopian Brewery,1.0,1096,52.70690155029297,-2.7869999408721924
Salt Lake Brewing - Squatters,1.0,1097,40.76259994506836,-111.8949966430664
"Sam Choy's Breakfast, Lunch, Crab & Big Aloha Brewery",3.0,1098,21.306900024414066,-157.85800170898438
Samuel Smith Old Brewery (Tadcaster),9.0,1099,53.8833999633789,-1.2625000476837158
San Diego Brewing,7.0,1100,32.792198181152344,-117.0989990234375
San Marcos Brewery & Grill,10.0,1101,33.13449859619141,-117.19100189208984
San Miguel Corporation,2.0,1102,14.58329963684082,120.96700286865234
Sand Creek Brewing Company,6.0,1103,44.29290008544922,-90.8510971069336
SandLot Brewery at Coors Field,2.0,1104,39.75569915771485,-104.99299621582031
Sanford's Grub and Pub,2.0,1105,44.80070114135742,-106.95600128173828
Santa Barbara Brewing,1.0,1106,34.41659927368164,-119.6959991455078
Santa Cruz Brewing,2.0,1107,36.974098205566406,-122.03099822998048
Santa Fe Brewing Company,9.0,1108,35.59659957885742,-106.052001953125
Santa Rosa Brewing,1.0,1109,38.44049835205078,-122.71399688720705
Sapporo Breweries - Chuo,2.0,1110,,
Sarah Hughes Brewery,1.0,1111,52.54349899291992,-2.115600109100342
Saxer Brewing,2.0,1112,45.42070007324219,-122.6709976196289
Scharer's Little Brewery,1.0,1113,-34.185501098632805,150.60699462890625
Schlobrauerei Reckendorf,4.0,1114,50.02239990234375,10.829999923706056
Schloss Eggenberg,5.0,1115,47.99039840698242,13.923800468444824
Schlossbru,4.0,1116,47.40969848632813,9.751399993896484
SchÃ¶fferhofer,2.0,1117,,
Schooner Brewery,7.0,1118,32.803001403808594,-96.7698974609375
Schooner's Grille & Brewery,1.0,1119,37.96689987182617,-121.78299713134766
Schussenrieder Erlebnisbrauerei,4.0,1120,48.00400161743164,9.65839958190918
Scotch Irish Brewing,1.0,1121,45.12789916992188,-76.12999725341797
Scottish & Newcastle Breweries,1.0,1122,40.89179992675781,-76.79750061035156
Scottish & Newcastle PLC,,1123,55.94649887084961,-3.248500108718872
Scuttlebutt Brewing,8.0,1124,47.99750137329102,-122.21399688720705
Sea Dog Brewing Company,3.0,1125,44.797401428222656,-68.76999664306639
Seabright Brewery,8.0,1126,36.96760177612305,-122.00800323486328
Second Street Brewery,2.0,1127,35.66310119628906,-105.96600341796876
Selin's Grove Brewing Co.,3.0,1128,40.80099868774414,-76.86139678955078
Sequoia Brewing Conoabt,1.0,1129,36.758201599121094,-119.802001953125
Shaftebury Brewing,1.0,1130,49.14870071411133,-122.91200256347656
Sharktooth Brewing,6.0,1131,20.894699096679688,-156.47000122070312
Shepherd Neame,3.0,1132,51.31689834594727,0.8920999765396118
Sherlock's Home,5.0,1133,44.91329956054688,-93.50330352783205
Ship Inn Brewpub,4.0,1134,40.56840133666992,-75.09539794921875
Shipwrecked Brew Pub,5.0,1135,45.04949951171875,-87.28019714355469
Shipyard Brewing - Portland,7.0,1136,43.66189956665039,-70.2489013671875
Shmaltz Brewing Company,2.0,1137,37.774898529052734,-122.41899871826172
Shmaltz Enterprises,1.0,1138,37.74810028076172,-122.41899871826172
Short's Brewing Company,,1139,44.97629928588867,-85.21040344238281
Sierra Leone Brewery,1.0,1140,8.484100341796875,-13.228699684143065
Sierra Madre Brewing Co.,,1141,25.681100845336914,-100.36299896240234
Sierra Nevada Brewing Co.,33.0,1142,39.72460174560547,-121.81600189208984
Siletz Roadhouse & Brewery,6.0,1143,44.72200012207031,-123.91799926757812
Silver Gulch Brewing Company,2.0,1144,64.95829772949219,-147.6219940185547
Silverado Brewing,1.0,1145,38.52429962158203,-122.49700164794922
Simmerberg Brusttt und Taferne,6.0,1146,47.58140182495117,9.919099807739258
Sioux Falls Brewing,4.0,1147,43.54999923706055,-96.70030212402344
Six Rivers Brewery,2.0,1148,40.94910049438477,-124.10199737548828
Sixpoint Craft Ales,4.0,1149,40.67399978637695,-74.01180267333984
Ska Brewing Company,2.0,1150,,
Skagit River Brewing,11.0,1151,48.4192008972168,-122.33499908447266
Skol Breweries,1.0,1152,18.8799991607666,72.94000244140625
Slab City Brewing,8.0,1153,44.74029922485352,-88.4448013305664
Sleeman Brewing & Malting,2.0,1154,43.48699951171875,-80.20680236816406
Sleeping Lady Brewing Company,1.0,1155,61.21960067749024,-149.89599609375
Slottskllans Bryggeri,1.0,1156,59.85440063476562,17.662700653076172
Sly Fox Brewhouse and Eatery - Phoenixville,,1157,40.129798889160156,-75.54989624023438
Sly Fox Brewhouse and Eatery - Royersford,13.0,1158,40.19430160522461,-75.53399658203125
Smoky Mountain Brewing,1.0,1159,35.9656982421875,-83.91809844970703
Smuttynose Brewing Co.,8.0,1160,43.03250122070313,-70.7947998046875
Snake River Brewing,,1161,43.47679901123047,-110.76499938964844
Snipes Mountain Microbrewery & Restaurant,2.0,1162,46.32839965820313,-120.00800323486328
Snowshoe Brewing - Sonora,2.0,1163,37.98410034179688,-120.38200378417969
Sockeye,,1164,43.63259887695313,-116.2750015258789
Socorro Springs Brewing,1.0,1165,34.070098876953125,-106.89299774169922
Sonoran Brewing Company,2.0,1166,33.72679901123047,-111.85299682617188
South Australian Brewing,1.0,1167,-34.91109848022461,138.57499694824222
South County Brewing Co.,3.0,1168,39.7322998046875,-76.44960021972656
South Shore Brewery,8.0,1169,46.58720016479492,-90.89209747314452
Southampton Publick House,5.0,1170,40.89030075073242,-72.3927001953125
Southend Brewery and Smokehouse - Charleston,8.0,1171,32.778499603271484,-79.92729949951172
Southern Star Brewing Company,2.0,1172,30.348899841308594,-95.44270324707031
Southern Tier Brewing Co,31.0,1173,42.10079956054688,-79.33570098876953
357,,1174,,
Spanish Peaks Brewing,4.0,1175,47.6958999633789,-114.1760025024414
Spaten-Franziskaner-BrÃ¤u,7.0,1176,,
Speakeasy Ales and Lagers,5.0,1177,37.73870086669922,-122.38099670410156
Spilker Ales,5.0,1178,40.50579833984375,-96.70700073242188
Spoetzl Brewery,6.0,1179,29.42600059509277,-97.16069793701172
Sports City Cafe & Brewery,5.0,1180,33.857498168945305,-117.8759994506836
Sprecher Brewing,14.0,1181,43.099998474121094,-87.9197998046875
Spring House Brewing Company,7.0,1182,39.95249938964844,-76.32949829101562
Springfield Brewing,1.0,1183,37.20790100097656,-93.29550170898438
St John Brewers,1.0,1184,18.33679962158203,-64.72810363769531
St Peter's Brewery,7.0,1185,36.72819900512695,-76.58360290527344
St. Austell Brewery,3.0,1186,50.34159851074219,-4.788300037384033
St. Francis Abbey Brewery,1.0,1187,52.65380096435547,-7.248000144958496
St. GeorgenBru Modschiedler KG,1.0,1188,49.80199813842773,11.032400131225586
St. James's Gate Brewery,,1189,53.34410095214844,-6.267499923706055
St. Stan's Brewing Co.,1.0,1190,37.641700744628906,-121.00399780273438
Staatliches HofbrÃ¤uhaus in MÃ¼nchen,5.0,1191,,
Stadsbrouwerij De Hemel,1.0,1192,51.84859848022461,5.863900184631348
Standing Stone Brewing Company,7.0,1193,42.197601318359375,-122.71499633789062
Steam Whistle Brewery,1.0,1194,43.64139938354492,-79.38690185546875
Steamworks,14.0,1195,49.2849006652832,-123.11000061035156
Steamworks Brewing - Durango,1.0,1196,37.27239990234375,-107.87999725341795
Steel Brewing,1.0,1197,32.500701904296875,-94.7405014038086
Steinfels Back & Brau,3.0,1198,47.36899948120117,8.538000106811522
Steve and Clark's Brew Pub and Sausage Co. #2,9.0,1199,35.99399948120117,-78.89859771728516
Stevens Point Brewery,9.0,1200,44.510398864746094,-89.57340240478516
Stewart's Brewing,1.0,1201,39.63180160522461,-75.66280364990234
Stieglbrauerei zu Salzburg GmbH,7.0,1202,47.800498962402344,13.044400215148926
Stillwater Artisanal Ales,1.0,1203,39.29040145874024,-76.61219787597656
Stone Brewing Co.,32.0,1204,33.11569976806641,-117.12000274658205
Stone Cellar Brewpub & Restaurant,3.0,1205,44.25360107421875,-88.40370178222656
Stone City Brewing,3.0,1206,41.80720138549805,-91.49410247802734
Stone Coast Brewing - Portland,1.0,1207,43.709999084472656,-70.30500030517578
Stonecutters Brewhouse,,1208,44.19720077514648,-72.50189971923828
Stoney Creek Brewing Company,1.0,1209,42.33720016479492,-83.01860046386719
Storm Brewing,5.0,1210,49.28210067749024,-123.06999969482422
Stoudt's Brewery,11.0,1211,40.236900329589844,-76.0719985961914
Stout Brothers Public House,6.0,1212,43.03889846801758,-87.90650177001953
Strangford Lough Brewing Company Ltd,5.0,1213,54.39059829711914,-5.654799938201903
Straub Brewery,2.0,1214,41.42770004272461,-78.55390167236328
Stroh Brewery Company,3.0,1215,27.94939994812012,-82.46510314941406
Sturgeon Bay Brewing,5.0,1216,44.83420181274414,-87.37699890136719
Stuttgarter Hofbru,1.0,1217,,
Sudwerk Privatbrauerei Hbsch,3.0,1218,38.54719924926758,-121.72599792480469
Sullivan's Black Forest Brew Haus & Grill,9.0,1219,43.31520080566406,-83.73139953613281
Summit Brewing,6.0,1220,44.91389846801758,-93.1396026611328
Surly Brewing,3.0,1221,45.04290008544922,-93.32460021972656
Swan Brewery,1.0,1222,-32.06380081176758,115.91200256347656
Sweet Water Tavern and Brewery,2.0,1223,39.03239822387695,-77.40969848632812
Sweetwater Brewing - Atlanta,5.0,1224,33.808700561523445,-84.38130187988281
Sweetwater Brewing - Casper,2.0,1225,42.866600036621094,-106.31300354003906
Sweetwater Tavern - Centreville,2.0,1226,38.82889938354492,-77.43930053710938
Switchback Brewing Co,,1227,43.39059829711914,-79.80490112304688
T&R; Theakston,1.0,1228,,
"T-Bonz Gill, Grill and Brewery",6.0,1229,32.80910110473633,-79.875
Tabernash Brewing,5.0,1230,40.16719818115234,-105.10199737548828
Tablerock,,1231,43.61130142211914,-116.20600128173828
Tailgate Beer,6.0,1232,32.77320098876953,-117.05500030517578
Taiwan Tobacco and Wine Monopoly Board,1.0,1233,25.02599906921387,121.47200012207031
Tampa Bay Brewing,1.0,1234,27.9606990814209,-82.44329833984375
Tap Room Brewing Company,1.0,1235,43.80139923095703,-91.2396011352539
Taylor Brewing,5.0,1236,41.83580017089844,-88.00910186767578
Taylor's Crossing Brewing,6.0,1237,49.32379913330078,-123.10199737548828
Taylor's Restaurant and Brewery,4.0,1238,32.715301513671875,-117.15699768066406
Tempo,1.0,1239,,
Tenaya Creek Restaurant and Brewery,1.0,1240,36.21540069580078,-115.2509994506836
Tennent Caledonian Brewery,1.0,1241,55.85929870605469,-4.2323999404907235
Terminal Gravity Brewing,1.0,1242,45.4192008972168,-117.27200317382812
Terrapin Beer Company,13.0,1243,33.945899963378906,-83.4104995727539
The Alchemist,16.0,1244,44.33720016479492,-72.75599670410156
The Blind Bat Brewery LLC,5.0,1245,40.89590072631836,-73.381103515625
The Bruery,8.0,1246,33.861400604248054,-117.87999725341795
The Cambridge House,5.0,1247,41.96580123901367,-72.79299926757812
The Church Brew Works,8.0,1248,40.462398529052734,-79.9645004272461
The Hop Yard,,1249,37.78390121459961,-122.0009994506836
The Livery,20.0,1250,42.118499755859375,-86.45369720458984
The Lost Abbey,7.0,1251,33.14059829711914,-117.1500015258789
The Narragansett Brewing Company,1.0,1252,41.81900024414063,-71.40969848632812
The Round Barn Winery & Brewery,5.0,1253,41.92110061645508,-86.45829772949219
Third Street Ale Works,1.0,1254,38.43980026245117,-122.71299743652344
Thirsty Dog Brewing,17.0,1255,41.06890106201172,-81.51719665527344
ThirstyBear Brewing,7.0,1256,37.785499572753906,-122.4000015258789
Thomas Creek Brewery,,1257,34.796798706054695,-82.42449951171875
Thomas Hooker Brewing,3.0,1258,41.80870056152344,-72.71080017089844
Thomas Kemper Brewing,1.0,1259,47.59239959716797,-122.33399963378906
Three Floyds Brewing,15.0,1260,41.535400390625,-87.51580047607422
Three Needs Brewery and Taproom,1.0,1261,44.47710037231445,-73.21150207519531
Thunder Canyon Brewery,1.0,1262,32.3406982421875,-111.01499938964844
Thunderhead Brewery,17.0,1263,40.69660186767578,-99.0814971923828
Thunderhead Brewery #2,5.0,1264,40.92589950561523,-98.3396987915039
Tied House Cafe & Brewery - San Jose,7.0,1265,37.33620071411133,-121.8939971923828
Timmermans,7.0,1266,50.83990097045898,4.247499942779541
Tin Whistle Brewing,1.0,1267,49.49440002441406,-119.61000061035156
Titletown Brewing,34.0,1268,44.52000045776367,-88.01730346679688
Tivoli Brewing,1.0,1269,39.739200592041016,-104.98500061035156
Tollemache and Cobbold Brewery,1.0,1270,52.05929946899414,1.1556999683380127
Tommyknocker Brewery and Pub,11.0,1271,39.741798400878906,-105.51799774169922
Tomos Watkin and Sons Ltd.,1.0,1272,51.66659927368164,-3.944299936294556
Tongerlo,4.0,1273,51.08729934692383,4.917799949645996
Tooheys,1.0,1274,-33.850101470947266,151.0449981689453
Tooth's,1.0,1275,-33.86709976196289,151.20700073242188
Top of the Hill Restaurant and Brewery,5.0,1276,35.91320037841797,-79.05580139160156
Trade Winds Brewing,5.0,1277,20.89109992980957,-156.5050048828125
Traffic Jam and Snug,2.0,1278,42.35100173950195,-83.06649780273438
Trailhead Brewing Company,6.0,1279,38.77450180053711,-90.48400115966795
Trap Rock Restaurant and Brewery,6.0,1280,40.68920135498047,-74.43489837646484
Traquair House Brewery,3.0,1281,55.61899948120117,-3.0636000633239746
Trinity Brewing Company,2.0,1282,38.89670181274414,-104.8550033569336
Triple Rock Brewery,3.0,1283,37.8734016418457,-122.2689971923828
Triumph Brewing of New Hope,1.0,1284,40.36589813232422,-74.95439910888672
Triumph Brewing of Princeton,7.0,1285,40.35070037841797,-74.6583023071289
Troegs Brewing,37.0,1286,40.25590133666992,-76.87149810791016
"Tropical Beverage (International) Co., Ltd",1.0,1287,13.723400115966795,100.47599792480469
Trout River Brewing,,1288,44.520301818847656,-72.00140380859375
Tsingtao,1.0,1289,36.06629943847656,120.38300323486328
Tucher Bru,4.0,1290,49.46429824829102,11.084699630737305
Tui Brewery,1.0,1291,,
Tunner's Guild Brewing Systems,4.0,1292,44.94419860839844,-93.08609771728516
Tuppers Hop Pocket Ale,1.0,1293,38.9734992980957,-77.127197265625
Tustin Brewing,1.0,1294,33.74959945678711,-117.81199645996094
Twin Ports Brewing,5.0,1295,46.72079849243164,-92.1041030883789
Twin Rivers Brewing,8.0,1296,47.85589981079102,-121.97100067138672
Twisted Pine Brewing Company,2.0,1297,40.02009963989258,-105.2509994506836
Two Brothers Brewing,8.0,1298,41.82059860229492,-88.20680236816406
Two Dogs Beverage Company,,1299,40.7963981628418,-73.6989974975586
TwoRows Restaurant & Brewery - Dallas,6.0,1300,32.85449981689453,-96.7686996459961
Tyranena Brewing,13.0,1301,43.08620071411133,-88.89669799804688
Tyskie Browary KsiÄ…Å¼Ä™ce,1.0,1302,,
Uerige Obergrige Hausbrauerei,3.0,1303,51.224998474121094,6.772200107574463
Uinta Brewing Compnay,2.0,1304,40.73260116577149,-111.9540023803711
Ukiah Brewing,1.0,1305,39.14979934692383,-123.20800018310548
Umpqua Brewing,2.0,1306,43.21649932861328,-123.34200286865234
Unibroue,16.0,1307,45.44160079956055,-73.2594985961914
Unicer,1.0,1308,,
Union Barrel Works,6.0,1309,40.21179962158203,-76.12319946289062
Union Colony Brewery,1.0,1310,40.423301696777344,-104.70899963378906
Unionsbru Haidhausen,2.0,1311,48.13550186157226,11.600899696350098
United Breweries Limited,2.0,1312,12.968899726867676,77.59459686279297
Upland Brewing,1.0,1313,39.173301696777344,-86.53690338134766
Upper Mississippi Brewing,5.0,1314,41.84450149536133,-90.1886978149414
Upstream Brewing Company at Legacy,8.0,1315,41.23310089111328,-96.18109893798828
Upstream Brewing Old Market,15.0,1316,41.25529861450195,-95.93060302734376
Ushers of Trowbridge,1.0,1317,51.32009887695313,-2.2079999446868896
Utah Brewers Cooperative,2.0,1318,40.732200622558594,-111.9000015258789
Utenos Alus,1.0,1319,,
Valley Brewing Company,11.0,1320,37.9551010131836,-121.3219985961914
Valley Forge Brewing,3.0,1321,40.04389953613281,-75.38809967041016
Van Honsebrouch,1.0,1322,50.92050170898438,3.2541000843048096
Vancouver Island Brewing,,1323,48.43439865112305,-123.36699676513672
Vermont Pub & Brewery,,1324,44.477298736572266,-73.21440124511719
Vetterï¿½s Alt Heidelberger Brauhaus,1.0,1325,,
Victory Brewing,25.0,1326,40.00609970092773,-75.69419860839844
Viking Brewing,2.0,1327,45.25849914550781,-91.81809997558594
Vintage 50 Restaurant and Brew Lounge,2.0,1328,39.11259841918945,-77.55370330810547
Vivungs Bryggeri,2.0,1329,57.49850082397461,18.458999633789066
"Voodoo Brewing Co.,LLC",8.0,1330,41.63719940185547,-80.15489959716797
vyturio Alaus Darykla,2.0,1331,,
Wachusetts Brewing Company,2.0,1332,42.55860137939453,-71.87149810791016
Wagner Valley Brewing,2.0,1333,42.57389831542969,-76.85820007324219
Wainwright Brewing,2.0,1334,40.46160125732422,-79.96530151367188
Walking Man Brewery,,1335,45.69219970703125,-121.88500213623048
Walldorff Brew Pub,6.0,1336,42.64879989624024,-85.2874984741211
Warsteiner Brauerei,4.0,1337,51.44160079956055,8.351900100708008
Watch City Brewing,1.0,1338,42.37179946899414,-71.23670196533203
Water Street Brewery,9.0,1339,43.0447998046875,-87.9113998413086
Water Street Lake Country,7.0,1340,43.0525016784668,-88.36630249023438
Water Tower Brewing,2.0,1341,44.86520004272461,-93.40950012207031
Watney Brewery,1.0,1342,51.50019836425781,-0.12620000541210175
Watson Brothers Brewhouse,1.0,1343,39.23199844360352,-84.37830352783203
Wdi-Bru-Huus,7.0,1344,47.23109817504883,8.669099807739258
Weeping Radish Restaurant and Brewery - Manteo,1.0,1345,35.88589859008789,-75.6697006225586
Weinkeller Brewery - Berwyn,11.0,1346,41.85060119628906,-87.793701171875
Weissbierbrauerei Hopf,1.0,1347,47.79399871826172,11.831100463867188
Wells and (&) Youngs Brewing Company Ltd.,3.0,1348,,
WernesgrÃ¼ner Brauerei,1.0,1349,,
WernesgrÃ¼ner Brauerei GmbH,1.0,1350,,
Western Reserve Brewing,1.0,1351,41.4995002746582,-81.69539642333984
Weyerbacher Brewing Company,30.0,1352,40.67319869995117,-75.22489929199219
WH Brakspear & Sons,2.0,1353,51.537498474121094,-0.9046000242233276
Wharf Rat,3.0,1354,39.286598205566406,-76.61820220947266
Whim Ales,1.0,1355,53.14070129394531,-1.80840003490448
Whitbread Beer Company,2.0,1356,52.13570022583008,-0.4679999947547913
White Marsh Brewing Company,1.0,1357,39.37220001220703,-76.46379852294922
White Oak Cider,2.0,1358,45.34980010986328,-123.072998046875
White Winter Winery,2.0,1359,47.38119888305664,-94.66690063476562
Whitstable Brewery,2.0,1360,51.2047004699707,0.6812999844551086
Widmer Brothers Brewing,5.0,1361,45.54079818725586,-122.6760025024414
Wild Duck Brewing,1.0,1362,44.052101135253906,-123.08699798583984
"Wild Goose Brewery, LLC",1.0,1363,39.36280059814453,-77.42649841308594
Wild Onion Brewing,2.0,1364,42.21080017089844,-88.16519927978516
Wild River Brewing and Pizza - Cave Junction,5.0,1365,42.17070007324219,-123.6449966430664
William Kuether Brewing,1.0,1366,45.25189971923828,-92.27130126953124
Williams Brothers Brewing Company,4.0,1367,56.11629867553711,-3.795399904251098
Willoughby Brewing,1.0,1368,41.6416015625,-81.40660095214844
Wilmington Brewing,,1369,34.22570037841797,-77.9447021484375
Wisconsin Brewing,2.0,1370,43.04949951171875,-88.00759887695312
Wolf Pack Brewing,1.0,1371,44.65840148925781,-111.0999984741211
Wolf Tongue Brewery,1.0,1372,39.96189880371094,-105.51000213623048
Woodforde's Norfolk Ales,1.0,1373,52.68420028686523,1.4490000009536743
Wrzburger Hofbru AG,1.0,1374,49.79199981689453,9.914999961853027
Wychwood Brewery,6.0,1375,51.75230026245117,-1.2558000087738037
Wychwood Brewery Company Ltd,1.0,1376,,
Wyder's Cider,1.0,1377,51.03400039672852,-114.08300018310548
Wye Valley Brewery,1.0,1378,52.14960098266602,-2.5506999492645264
Wynkoop Brewing,9.0,1379,39.753501892089844,-104.9980010986328
Yakima Brewing and Malting / Grant's Ales,5.0,1380,46.60210037231445,-120.50599670410156
Yaletown Brewing,2.0,1381,49.2755012512207,-123.12100219726562
Yamhill Brewing,1.0,1382,45.52349853515625,-122.6760025024414
Yards Brewing,9.0,1383,39.98310089111328,-75.12740325927734
Marshall Wharf Brewing Company,,1384,,
Youngs & Company Brewery,6.0,1385,51.46110153198242,-0.196600005030632
Zea Rotisserie and Brewery,7.0,1386,29.93860054016113,-90.07599639892578
Yegua Creek Brewing - Dallas,6.0,1387,32.820999145507805,-96.78479766845705
Yuengling & Son Brewing,8.0,1388,40.70000076293945,-76.17469787597656
York Brewery,1.0,1389,53.95709991455078,-1.090499997138977
Yellowstone Valley Brewing,1.0,1390,45.78609848022461,-108.4980010986328
Yazoo Brewing,11.0,1391,36.1510009765625,-86.78209686279297
Yuksom Breweries,1.0,1392,,
Baxter Brewing,,1393,44.100399017333984,-70.21479797363281
Aviator Brewing Company,2.0,1394,35.61970138549805,-78.80850219726562
Aspen Brewing Company,1.0,1396,,
Tallgrass Brewing Co.,1.0,1397,,
Half Acre Beer Company,,1398,,
New Jersey Beer Company,1.0,1399,,
FINNEGANS,1.0,1400,,
Half Pints Brewing Company,1.0,1401,,
Warwick Valley Wine Co.,1.0,1402,,
The Nook Brewhouse,,1403,,
The St. Louis Brewrey,1.0,1404,,
Baltika Breweries,1.0,1405,,
Baltika Breweries,,1406,,
Catawba Valley Brewing Company,1.0,1407,,
Walnut Brewery,,1408,,
Columbus Brewing Company,1.0,1409,,
Oso,1.0,1410,,
Element Brewing Company,1.0,1411,,
Cains,5.0,1412,,
Wedge Brewery,1.0,1413,,
Black Creek Historic Brewery,1.0,1414,,
Hertog Jan,,1415,,
Brewery Vivant,1.0,1416,,
Oakshire,2.0,1417,,
Oakshire,,1418,,
Uehara Shuzou Co. Ltd. / Echigo Beer Pub,1.0,1419,,
Devil's Canyon,1.0,1420,,
DC Brau,1.0,1421,,
Abhi Brewery,1.0,1422,,
Brasserie du Bouffay,1.0,1423,,
